-- phpMyAdmin SQL Dump
-- version 5.2.1
-- https://www.phpmyadmin.net/
--
-- Servidor: ud5-recuperaciones-mysql
-- Tiempo de generación: 05-05-2025 a las 14:24:17
-- Versión del servidor: 8.4.5
-- Versión de PHP: 8.2.8

SET SQL_MODE = "NO_AUTO_VALUE_ON_ZERO";
START TRANSACTION;
SET time_zone = "+00:00";


/*!40101 SET @OLD_CHARACTER_SET_CLIENT=@@CHARACTER_SET_CLIENT */;
/*!40101 SET @OLD_CHARACTER_SET_RESULTS=@@CHARACTER_SET_RESULTS */;
/*!40101 SET @OLD_COLLATION_CONNECTION=@@COLLATION_CONNECTION */;
/*!40101 SET NAMES utf8mb4 */;

--
-- Base de datos: `ud5`
--

-- --------------------------------------------------------

--
-- Estructura de tabla para la tabla `aux_countries`
--

CREATE TABLE `aux_countries` (
  `id` int UNSIGNED NOT NULL,
  `country_code` varchar(2) NOT NULL,
  `country_name` varchar(100) NOT NULL
) ENGINE=InnoDB DEFAULT CHARSET=utf8mb4 COLLATE=utf8mb4_general_ci;

--
-- Volcado de datos para la tabla `aux_countries`
--

INSERT INTO `aux_countries` (`id`, `country_code`, `country_name`) VALUES
(1, 'AF', 'Afghanistan'),
(2, 'AL', 'Albania'),
(3, 'DZ', 'Algeria'),
(4, 'AS', 'American Samoa'),
(5, 'AD', 'Andorra'),
(6, 'AO', 'Angola'),
(7, 'AI', 'Anguilla'),
(8, 'AQ', 'Antarctica'),
(9, 'AG', 'Antigua and Barbuda'),
(10, 'AR', 'Argentina'),
(11, 'AM', 'Armenia'),
(12, 'AW', 'Aruba'),
(13, 'AU', 'Australia'),
(14, 'AT', 'Austria'),
(15, 'AZ', 'Azerbaijan'),
(16, 'BS', 'Bahamas'),
(17, 'BH', 'Bahrain'),
(18, 'BD', 'Bangladesh'),
(19, 'BB', 'Barbados'),
(20, 'BY', 'Belarus'),
(21, 'BE', 'Belgium'),
(22, 'BZ', 'Belize'),
(23, 'BJ', 'Benin'),
(24, 'BM', 'Bermuda'),
(25, 'BT', 'Bhutan'),
(26, 'BO', 'Bolivia'),
(27, 'BA', 'Bosnia and Herzegovina'),
(28, 'BW', 'Botswana'),
(29, 'BV', 'Bouvet Island'),
(30, 'BR', 'Brazil'),
(31, 'IO', 'British Indian Ocean Territory'),
(32, 'BN', 'Brunei Darussalam'),
(33, 'BG', 'Bulgaria'),
(34, 'BF', 'Burkina Faso'),
(35, 'BI', 'Burundi'),
(36, 'KH', 'Cambodia'),
(37, 'CM', 'Cameroon'),
(38, 'CA', 'Canada'),
(39, 'CV', 'Cape Verde'),
(40, 'KY', 'Cayman Islands'),
(41, 'CF', 'Central African Republic'),
(42, 'TD', 'Chad'),
(43, 'CL', 'Chile'),
(44, 'CN', 'China'),
(45, 'CX', 'Christmas Island'),
(46, 'CC', 'Cocos (Keeling) Islands'),
(47, 'CO', 'Colombia'),
(48, 'KM', 'Comoros'),
(49, 'CD', 'Democratic Republic of the Congo'),
(50, 'CG', 'Republic of the Congo'),
(51, 'CK', 'Cook Islands'),
(52, 'CR', 'Costa Rica'),
(53, 'HR', 'Croatia (Hrvatska)'),
(54, 'CU', 'Cuba'),
(55, 'CY', 'Cyprus'),
(56, 'CZ', 'Czech Republic'),
(57, 'DK', 'Denmark'),
(58, 'DJ', 'Djibouti'),
(59, 'DM', 'Dominica'),
(60, 'DO', 'Dominican Republic'),
(61, 'TL', 'East Timor'),
(62, 'EC', 'Ecuador'),
(63, 'EG', 'Egypt'),
(64, 'SV', 'El Salvador'),
(65, 'GQ', 'Equatorial Guinea'),
(66, 'ER', 'Eritrea'),
(67, 'EE', 'Estonia'),
(68, 'ET', 'Ethiopia'),
(69, 'FK', 'Falkland Islands (Malvinas)'),
(70, 'FO', 'Faroe Islands'),
(71, 'FJ', 'Fiji'),
(72, 'FI', 'Finland'),
(73, 'FR', 'France'),
(74, 'FX', 'France, Metropolitan'),
(75, 'GF', 'French Guiana'),
(76, 'PF', 'French Polynesia'),
(77, 'TF', 'French Southern Territories'),
(78, 'GA', 'Gabon'),
(79, 'GM', 'Gambia'),
(80, 'GE', 'Georgia'),
(81, 'DE', 'Germany'),
(82, 'GH', 'Ghana'),
(83, 'GI', 'Gibraltar'),
(84, 'GG', 'Guernsey'),
(85, 'GR', 'Greece'),
(86, 'GL', 'Greenland'),
(87, 'GD', 'Grenada'),
(88, 'GP', 'Guadeloupe'),
(89, 'GU', 'Guam'),
(90, 'GT', 'Guatemala'),
(91, 'GN', 'Guinea'),
(92, 'GW', 'Guinea-Bissau'),
(93, 'GY', 'Guyana'),
(94, 'HT', 'Haiti'),
(95, 'HM', 'Heard and Mc Donald Islands'),
(96, 'HN', 'Honduras'),
(97, 'HK', 'Hong Kong'),
(98, 'HU', 'Hungary'),
(99, 'IS', 'Iceland'),
(100, 'IN', 'India'),
(101, 'IM', 'Isle of Man'),
(102, 'ID', 'Indonesia'),
(103, 'IR', 'Iran (Islamic Republic of)'),
(104, 'IQ', 'Iraq'),
(105, 'IE', 'Ireland'),
(106, 'IL', 'Israel'),
(107, 'IT', 'Italy'),
(108, 'CI', 'Ivory Coast'),
(109, 'JE', 'Jersey'),
(110, 'JM', 'Jamaica'),
(111, 'JP', 'Japan'),
(112, 'JO', 'Jordan'),
(113, 'KZ', 'Kazakhstan'),
(114, 'KE', 'Kenya'),
(115, 'KI', 'Kiribati'),
(116, 'KP', 'Korea, Democratic People\'s Republic of'),
(117, 'KR', 'Korea, Republic of'),
(118, 'XK', 'Kosovo'),
(119, 'KW', 'Kuwait'),
(120, 'KG', 'Kyrgyzstan'),
(121, 'LA', 'Lao People\'s Democratic Republic'),
(122, 'LV', 'Latvia'),
(123, 'LB', 'Lebanon'),
(124, 'LS', 'Lesotho'),
(125, 'LR', 'Liberia'),
(126, 'LY', 'Libyan Arab Jamahiriya'),
(127, 'LI', 'Liechtenstein'),
(128, 'LT', 'Lithuania'),
(129, 'LU', 'Luxembourg'),
(130, 'MO', 'Macau'),
(131, 'MK', 'North Macedonia'),
(132, 'MG', 'Madagascar'),
(133, 'MW', 'Malawi'),
(134, 'MY', 'Malaysia'),
(135, 'MV', 'Maldives'),
(136, 'ML', 'Mali'),
(137, 'MT', 'Malta'),
(138, 'MH', 'Marshall Islands'),
(139, 'MQ', 'Martinique'),
(140, 'MR', 'Mauritania'),
(141, 'MU', 'Mauritius'),
(142, 'YT', 'Mayotte'),
(143, 'MX', 'Mexico'),
(144, 'FM', 'Micronesia, Federated States of'),
(145, 'MD', 'Moldova, Republic of'),
(146, 'MC', 'Monaco'),
(147, 'MN', 'Mongolia'),
(148, 'ME', 'Montenegro'),
(149, 'MS', 'Montserrat'),
(150, 'MA', 'Morocco'),
(151, 'MZ', 'Mozambique'),
(152, 'MM', 'Myanmar'),
(153, 'NA', 'Namibia'),
(154, 'NR', 'Nauru'),
(155, 'NP', 'Nepal'),
(156, 'NL', 'Netherlands'),
(157, 'AN', 'Netherlands Antilles'),
(158, 'NC', 'New Caledonia'),
(159, 'NZ', 'New Zealand'),
(160, 'NI', 'Nicaragua'),
(161, 'NE', 'Niger'),
(162, 'NG', 'Nigeria'),
(163, 'NU', 'Niue'),
(164, 'NF', 'Norfolk Island'),
(165, 'MP', 'Northern Mariana Islands'),
(166, 'NO', 'Norway'),
(167, 'OM', 'Oman'),
(168, 'PK', 'Pakistan'),
(169, 'PW', 'Palau'),
(170, 'PS', 'Palestine'),
(171, 'PA', 'Panama'),
(172, 'PG', 'Papua New Guinea'),
(173, 'PY', 'Paraguay'),
(174, 'PE', 'Peru'),
(175, 'PH', 'Philippines'),
(176, 'PN', 'Pitcairn'),
(177, 'PL', 'Poland'),
(178, 'PT', 'Portugal'),
(179, 'PR', 'Puerto Rico'),
(180, 'QA', 'Qatar'),
(181, 'RE', 'Reunion'),
(182, 'RO', 'Romania'),
(183, 'RU', 'Russian Federation'),
(184, 'RW', 'Rwanda'),
(185, 'KN', 'Saint Kitts and Nevis'),
(186, 'LC', 'Saint Lucia'),
(187, 'VC', 'Saint Vincent and the Grenadines'),
(188, 'WS', 'Samoa'),
(189, 'SM', 'San Marino'),
(190, 'ST', 'Sao Tome and Principe'),
(191, 'SA', 'Saudi Arabia'),
(192, 'SN', 'Senegal'),
(193, 'RS', 'Serbia'),
(194, 'SC', 'Seychelles'),
(195, 'SL', 'Sierra Leone'),
(196, 'SG', 'Singapore'),
(197, 'SK', 'Slovakia'),
(198, 'SI', 'Slovenia'),
(199, 'SB', 'Solomon Islands'),
(200, 'SO', 'Somalia'),
(201, 'ZA', 'South Africa'),
(202, 'GS', 'South Georgia South Sandwich Islands'),
(203, 'SS', 'South Sudan'),
(204, 'ES', 'Spain'),
(205, 'LK', 'Sri Lanka'),
(206, 'SH', 'St. Helena'),
(207, 'PM', 'St. Pierre and Miquelon'),
(208, 'SD', 'Sudan'),
(209, 'SR', 'Suriname'),
(210, 'SJ', 'Svalbard and Jan Mayen Islands'),
(211, 'SZ', 'Eswatini'),
(212, 'SE', 'Sweden'),
(213, 'CH', 'Switzerland'),
(214, 'SY', 'Syrian Arab Republic'),
(215, 'TW', 'Taiwan'),
(216, 'TJ', 'Tajikistan'),
(217, 'TZ', 'Tanzania, United Republic of'),
(218, 'TH', 'Thailand'),
(219, 'TG', 'Togo'),
(220, 'TK', 'Tokelau'),
(221, 'TO', 'Tonga'),
(222, 'TT', 'Trinidad and Tobago'),
(223, 'TN', 'Tunisia'),
(224, 'TR', 'Turkey'),
(225, 'TM', 'Turkmenistan'),
(226, 'TC', 'Turks and Caicos Islands'),
(227, 'TV', 'Tuvalu'),
(228, 'UG', 'Uganda'),
(229, 'UA', 'Ukraine'),
(230, 'AE', 'United Arab Emirates'),
(231, 'GB', 'United Kingdom'),
(232, 'US', 'United States'),
(233, 'UM', 'United States minor outlying islands'),
(234, 'UY', 'Uruguay'),
(235, 'UZ', 'Uzbekistan'),
(236, 'VU', 'Vanuatu'),
(237, 'VA', 'Vatican City State'),
(238, 'VE', 'Venezuela'),
(239, 'VN', 'Vietnam'),
(240, 'VG', 'Virgin Islands (British)'),
(241, 'VI', 'Virgin Islands (U.S.)'),
(242, 'WF', 'Wallis and Futuna Islands'),
(243, 'EH', 'Western Sahara'),
(244, 'YE', 'Yemen'),
(245, 'ZM', 'Zambia'),
(246, 'ZW', 'Zimbabwe');

-- --------------------------------------------------------

--
-- Estructura de tabla para la tabla `aux_rol`
--

CREATE TABLE `aux_rol` (
  `id_rol` int NOT NULL,
  `rol` varchar(255) NOT NULL,
  `descripcion_en` text NOT NULL,
  `descripcion_es` text NOT NULL,
  `orden` int NOT NULL,
  `seccion_ini` varchar(255) NOT NULL
) ENGINE=InnoDB DEFAULT CHARSET=utf8mb4 COLLATE=utf8mb4_general_ci;

--
-- Volcado de datos para la tabla `aux_rol`
--

INSERT INTO `aux_rol` (`id_rol`, `rol`, `descripcion_en`, `descripcion_es`, `orden`, `seccion_ini`) VALUES
(1, 'Administrator', 'Can access without restrictions. Can manage all the data of the application including master data tables.', 'Acceso a toda la aplicación.\r\nLa única  restricción es que no pueden modificar el usuario  superadmin.', 3, 'users'),
(2, 'Encargado', 'Can access and edit all the data of the his organisation users. Can view and edit all the financial data of the organisation. ', 'Puede acceder a todas las zonas menos a gestión de usuarios', 1, 'users'),
(3, 'Staff', 'Only can edit his own data and his input hours.', 'Puede acceder sólo a la zona de proveedores y productos', 2, 'jobs');

-- --------------------------------------------------------

--
-- Estructura de tabla para la tabla `aux_rol_trabajador`
--

CREATE TABLE `aux_rol_trabajador` (
  `id_rol` int NOT NULL,
  `nombre_rol` varchar(100) NOT NULL
) ENGINE=InnoDB DEFAULT CHARSET=utf8mb4 COLLATE=utf8mb4_general_ci;

--
-- Volcado de datos para la tabla `aux_rol_trabajador`
--

INSERT INTO `aux_rol_trabajador` (`id_rol`, `nombre_rol`) VALUES
(1, 'administrador'),
(2, 'dev'),
(3, 'facturas'),
(4, 'gestor'),
(5, 'standard'),
(6, 'ventas');

-- --------------------------------------------------------

--
-- Estructura de tabla para la tabla `categoria`
--

CREATE TABLE `categoria` (
  `id_categoria` int NOT NULL,
  `nombre_categoria` varchar(50) NOT NULL,
  `id_padre` int DEFAULT NULL
) ENGINE=InnoDB DEFAULT CHARSET=utf8mb4 COLLATE=utf8mb4_general_ci;

--
-- Volcado de datos para la tabla `categoria`
--

INSERT INTO `categoria` (`id_categoria`, `nombre_categoria`, `id_padre`) VALUES
(3, 'Videojuegos', NULL),
(4, 'Microsoft', 3),
(5, 'Nintendo', 3),
(7, 'Sony', 3),
(13, 'Telefonía', NULL),
(14, 'Android', 13),
(15, 'iOS', 13),
(53, 'Consolas', 4),
(54, 'Accesorios', 4),
(55, 'Mandos', 54),
(56, 'Conectores y cables', 54),
(57, 'Mandos', 54),
(58, 'Accesorios', 5),
(59, 'Mandos', 58),
(60, 'Conectores y cables', 58);

-- --------------------------------------------------------

--
-- Estructura de tabla para la tabla `log`
--

CREATE TABLE `log` (
  `id_log` int NOT NULL,
  `operacion` varchar(50) NOT NULL,
  `tabla` varchar(50) NOT NULL,
  `detalle` text
) ENGINE=InnoDB DEFAULT CHARSET=utf8mb4 COLLATE=utf8mb4_general_ci;

--
-- Volcado de datos para la tabla `log`
--

INSERT INTO `log` (`id_log`, `operacion`, `tabla`, `detalle`) VALUES
(1, 'update', 'usuario', 'Actualizado el sueldo del usuario \"Alexis_Jose_da_Silva_Pereira al valor: 4403'),
(2, 'update', 'usuario', 'Actualizado el sueldo del usuario \"Alexis_Jose_da_Silva_Pereira al valor: 2368'),
(3, 'update', 'usuario', 'Actualizado el sueldo del usuario \"Alexis_Jose_da_Silva_Pereira al valor: 3761');

-- --------------------------------------------------------

--
-- Estructura de tabla para la tabla `producto`
--

CREATE TABLE `producto` (
  `id_producto` int UNSIGNED NOT NULL,
  `codigo` varchar(10) NOT NULL,
  `nombre` varchar(255) NOT NULL,
  `descripcion` text NOT NULL,
  `proveedor` varchar(9) NOT NULL,
  `coste` decimal(10,2) NOT NULL,
  `margen` decimal(10,2) NOT NULL,
  `stock` int NOT NULL,
  `iva` int NOT NULL,
  `id_categoria` int DEFAULT NULL
) ENGINE=InnoDB DEFAULT CHARSET=utf8mb4 COLLATE=utf8mb4_general_ci;

--
-- Volcado de datos para la tabla `producto`
--

INSERT INTO `producto` (`id_producto`, `codigo`, `nombre`, `descripcion`, `proveedor`, `coste`, `margen`, `stock`, `iva`, `id_categoria`) VALUES
(1, 'ACE0000151', 'Acer - X92', 'Inserte una descripción', 'C4000043Q', 148.78, 3.01, 296, 21, 7),
(2, 'ACE0000157', 'Acer - Mega87', 'Inserte una descripción', 'G1000057E', 312.71, 4.51, 224, 21, 3),
(3, 'APP0000142', 'Apple - Lite98', 'Inserte una descripción', 'G7000077Y', 298.10, 4.81, 68, 21, 3),
(4, 'ACE0000159', 'Acer - Reno4', 'Inserte una descripción', 'C1000083E', 461.43, 3.63, 62, 21, 13),
(5, 'ACE0000166', 'Acer - Reno50', 'Inserte una descripción', 'F2000026Z', 329.86, 4.42, 247, 21, 3),
(6, 'APP0000179', 'Apple - Series S68', 'Inserte una descripción', 'J7000020T', 17.72, 3.18, 223, 21, 3),
(7, 'ACE0000177', 'Acer - S48', 'Inserte una descripción', 'D3000094P', 158.52, 2.34, 256, 21, 14),
(8, 'ACE0000181', 'Acer - Reno18', 'Inserte una descripción', 'G2000087I', 248.13, 3.64, 128, 21, 15),
(9, 'DEL0000395', 'Dell - Reno68', 'Inserte una descripción', 'C2000003C', 17.58, 2.58, 107, 21, 14),
(10, 'DEL0000396', 'Dell - Series S92', 'Inserte una descripción', 'E1000025Y', 239.15, 2.04, 70, 21, 14),
(11, 'ACE0000189', 'Acer - Series X31', 'Inserte una descripción', 'E5000065M', 82.84, 2.28, 183, 21, 5),
(12, 'ACE0000223', 'Acer - X23', 'Inserte una descripción', 'A8000051Y', 431.89, 2.62, 190, 21, 14),
(13, 'APP0000205', 'Apple - Mega61', 'Inserte una descripción', 'A5009999E', 365.75, 2.22, 176, 21, 14),
(14, 'APP0000207', 'Apple - High29', 'Inserte una descripción', 'I7000079A', 465.86, 2.65, 258, 21, 14),
(15, 'APP0000226', 'Apple - Series S68', 'Inserte una descripción', 'F9000046T', 156.68, 2.46, 241, 21, 13),
(16, 'ACE0000228', 'Acer - Max28', 'Inserte una descripción', 'H5000068P', 5.44, 2.35, 205, 21, 15),
(17, 'APP0000238', 'Apple - X82', 'Inserte una descripción', 'B8000012L', 92.26, 3.91, 77, 21, 7),
(18, 'ACE0000232', 'Acer - Series X22', 'Inserte una descripción', 'H8000098T', 143.41, 3.00, 87, 21, 15),
(19, 'DEL0000402', 'Dell - Lite7', 'Inserte una descripción', 'B4000052Z', 198.73, 2.56, 55, 21, 7),
(20, 'ACE0000235', 'Acer - S54', 'Inserte una descripción', 'D1000044R', 353.79, 3.94, 218, 21, 5),
(21, 'ACE0000246', 'Acer - Max78', 'Inserte una descripción', 'D2000034H', 64.33, 2.83, 221, 21, 5),
(22, 'DEL0000412', 'Dell - Series S58', 'Inserte una descripción', 'D1000044R', 323.59, 3.28, 274, 21, 13),
(23, 'ACE0000268', 'Acer - Max51', 'Inserte una descripción', 'H9000018R', 81.18, 3.41, 251, 21, 13),
(24, 'DEL0000434', 'Dell - High89', 'Inserte una descripción', 'C9000093O', 242.62, 2.27, 231, 21, 3),
(25, 'ACE0000275', 'Acer - S57', 'Inserte una descripción', 'C9000053A', 303.50, 4.29, 71, 21, 4),
(26, 'DEL0000446', 'Dell - Reno51', 'Inserte una descripción', 'E1000055C', 200.51, 3.75, 211, 21, 5),
(27, 'ACE0000297', 'Acer - Series X73', 'Inserte una descripción', 'G5000007G', 405.93, 2.81, 135, 21, 3),
(28, 'APP0000247', 'Apple - Reno95', 'Inserte una descripción', 'H5000068P', 30.79, 2.23, 93, 21, 13),
(29, 'APP0000269', 'Apple - Series S73', 'Inserte una descripción', 'C3000033G', 361.79, 2.26, 128, 21, 13),
(30, 'DEL0000447', 'Dell - High46', 'Inserte una descripción', 'B6000072T', 114.20, 4.78, 296, 21, 14),
(31, 'APP0000298', 'Apple - X20', 'Inserte una descripción', 'E8000075W', 420.93, 4.88, 231, 21, 4),
(32, 'ACE0000310', 'Acer - Max58', 'Inserte una descripción', 'F9000046T', 53.28, 3.94, 126, 21, 15),
(33, 'APP0000315', 'Apple - Series S94', 'Inserte una descripción', 'H8000098T', 26.59, 1.34, 76, 21, 14),
(34, 'ACE0000324', 'Acer - X78', 'Inserte una descripción', 'A5000031E', 334.89, 1.63, 150, 21, 13),
(35, 'APP0000316', 'Apple - Reno92', 'Inserte una descripción', 'A8000021U', 63.94, 1.67, 247, 21, 15),
(36, 'APP0000363', 'Apple - Series S53', 'Inserte una descripción', 'H2000088J', 292.56, 3.76, 281, 21, 3),
(37, 'APP0000374', 'Apple - Mega52', 'Inserte una descripción', 'H2000058F', 233.16, 3.49, 148, 21, 7),
(38, 'APP0000379', 'Apple - Mega44', 'Inserte una descripción', 'J7000020T', 384.99, 1.47, 171, 21, 4),
(39, 'ACE0000334', 'Acer - High47', 'Inserte una descripción', 'J7000070R', 441.50, 2.59, 247, 21, 13),
(40, 'APP0000388', 'Apple - Series S69', 'Inserte una descripción', 'A7000041O', 341.40, 2.58, 51, 21, 14),
(41, 'ACE0000382', 'Acer - High26', 'Inserte una descripción', 'H5000068P', 199.48, 3.60, 62, 21, 13),
(42, 'ACE0000391', 'Acer - Series S71', 'Inserte una descripción', 'G3000097S', 195.60, 4.18, 57, 21, 5),
(43, 'ACE0000407', 'Acer - Series S60', 'Inserte una descripción', 'G5000037K', 393.13, 2.11, 120, 21, 13),
(44, 'DEL0000462', 'Dell - Series X72', 'Inserte una descripción', 'A5000002E', 467.29, 2.12, 109, 21, 3),
(45, 'ACE0000409', 'Acer - X95', 'Inserte una descripción', 'G4000017Q', 208.16, 1.49, 157, 21, 13),
(46, 'ACE0000413', 'Acer - Series S42', 'Inserte una descripción', 'J8000010J', 38.96, 2.33, 61, 21, 14),
(47, 'APP0000457', 'Apple - Reno26', 'Inserte una descripción', 'A6000061I', 260.73, 2.91, 144, 21, 13),
(48, 'DEL0000507', 'Dell - Series S23', 'Inserte una descripción', 'H8000098T', 404.71, 2.23, 60, 21, 3),
(49, 'APP0000463', 'Apple - Series S11', 'Inserte una descripción', 'D3000024X', 26.35, 1.04, 218, 21, 15),
(50, 'ACE0000431', 'Acer - X7', 'Inserte una descripción', 'H3000048V', 351.78, 1.91, 146, 21, 15),
(51, 'DEL0000509', 'Dell - High92', 'Inserte una descripción', 'F9000056D', 12.02, 3.40, 223, 21, 7),
(52, 'ACE0000472', 'Acer - S27', 'Inserte una descripción', 'G5000007G', 57.23, 2.41, 110, 21, 5),
(53, 'DEL0000525', 'Dell - Series X71', 'Inserte una descripción', 'A5000002E', 337.95, 2.54, 65, 21, 13),
(54, 'ACE0000473', 'Acer - S50', 'Inserte una descripción', 'J3000090L', 170.36, 3.60, 244, 21, 15),
(55, 'DEL0000534', 'Dell - X51', 'Inserte una descripción', 'G1000057E', 340.89, 4.80, 100, 21, 4),
(56, 'ACE0000510', 'Acer - S43', 'Inserte una descripción', 'I7000079A', 304.89, 3.69, 282, 21, 13),
(57, 'DEL0000535', 'Dell - Series S31', 'Inserte una descripción', 'B5000042P', 407.34, 3.30, 133, 21, 5),
(58, 'APP0000478', 'Apple - Lite24', 'Inserte una descripción', 'I6000049W', 375.15, 3.64, 144, 21, 4),
(59, 'ACE0000529', 'Acer - Reno82', 'Inserte una descripción', 'C4000043Q', 306.77, 2.79, 161, 21, 3),
(60, 'DEL0000539', 'Dell - High59', 'Inserte una descripción', 'A6000081C', 44.50, 4.60, 130, 21, 15),
(61, 'APP0000481', 'Apple - Mega75', 'Inserte una descripción', 'J2000030D', 401.77, 3.91, 121, 21, 15),
(62, 'ACE0000545', 'Acer - Series X26', 'Inserte una descripción', 'G2000087I', 454.63, 2.78, 219, 21, 15),
(63, 'DEL0000549', 'Dell - Reno73', 'Inserte una descripción', 'A5000003E', 369.52, 1.79, 71, 21, 7),
(64, 'ACE0000583', 'Acer - Max9', 'Inserte una descripción', 'D3000094P', 215.04, 2.84, 233, 21, 14),
(65, 'ACE0000590', 'Acer - S88', 'Inserte una descripción', 'E1000035I', 255.09, 2.95, 212, 21, 15),
(66, 'APP0000499', 'Apple - Series S82', 'Inserte una descripción', 'I1000009I', 42.27, 3.59, 208, 21, 4),
(67, 'APP0000558', 'Apple - Mega72', 'Inserte una descripción', 'J2000030D', 138.17, 4.08, 171, 21, 4),
(68, 'APP0000560', 'Apple - X51', 'Inserte una descripción', 'G3000097S', 209.90, 2.27, 226, 21, 7),
(69, 'ACE0000591', 'Acer - X20', 'Inserte una descripción', 'A5000002E', 149.49, 3.60, 253, 21, 7),
(70, 'APP0000576', 'Apple - S6', 'Inserte una descripción', 'F2000026Z', 363.66, 2.50, 271, 21, 3),
(71, 'DEL0000572', 'Dell - X35', 'Inserte una descripción', 'D3000094P', 73.38, 1.55, 169, 21, 4),
(72, 'ACE0000607', 'Acer - Series S77', 'Inserte una descripción', 'B4000052Z', 12.51, 4.78, 183, 21, 3),
(73, 'DEL0000573', 'Dell - Lite47', 'Inserte una descripción', 'E5000065M', 173.62, 3.44, 90, 21, 4),
(74, 'APP0000597', 'Apple - X36', 'Inserte una descripción', 'F2000026Z', 32.53, 4.13, 236, 21, 4),
(75, 'APP0000627', 'Apple - High22', 'Inserte una descripción', 'A6000061I', 427.07, 3.97, 87, 21, 7),
(76, 'APP0000655', 'Apple - S80', 'Inserte una descripción', 'H3000008H', 322.65, 3.36, 158, 21, 5),
(77, 'DEL0000581', 'Dell - X23', 'Inserte una descripción', 'C9000093O', 323.34, 2.41, 298, 21, 15),
(78, 'APP0000671', 'Apple - Lite58', 'Inserte una descripción', 'H2000028B', 5.83, 2.07, 104, 21, 4),
(79, 'DEL0000592', 'Dell - Max78', 'Inserte una descripción', 'H2000088J', 297.01, 3.83, 122, 21, 4),
(80, 'APP0000679', 'Apple - Series S42', 'Inserte una descripción', 'E1000055C', 490.88, 2.17, 61, 21, 13),
(81, 'APP0000737', 'Apple - Max6', 'Inserte una descripción', 'J8000010J', 106.25, 2.71, 179, 21, 3),
(82, 'APP0000761', 'Apple - S79', 'Inserte una descripción', 'G1000057E', 162.82, 2.97, 77, 21, 4),
(83, 'APP0000799', 'Apple - Series S82', 'Inserte una descripción', 'G1000057E', 3.40, 2.08, 151, 21, 13),
(84, 'DEL0000599', 'Dell - Mega95', 'Inserte una descripción', 'D2000034H', 220.14, 3.21, 177, 21, 3),
(85, 'DEL0000626', 'Dell - Series S78', 'Inserte una descripción', 'A5009999E', 179.63, 2.53, 156, 21, 3),
(86, 'DEL0000630', 'Dell - Lite8', 'Inserte una descripción', 'D7000084F', 80.76, 3.21, 292, 21, 3),
(87, 'DEL0000634', 'Dell - S26', 'Inserte una descripción', 'F2000026Z', 319.79, 1.32, 248, 21, 13),
(88, 'APP0000805', 'Apple - X84', 'Inserte una descripción', 'F9000056D', 118.20, 3.79, 85, 21, 5),
(89, 'APP0000851', 'Apple - Max11', 'Inserte una descripción', 'I1000009I', 349.36, 3.43, 212, 21, 7),
(90, 'ACE0000611', 'Acer - High89', 'Inserte una descripción', 'G4000017Q', 215.39, 3.58, 146, 21, 14),
(91, 'APP0000874', 'Apple - Reno52', 'Inserte una descripción', 'G4000017Q', 487.08, 4.09, 147, 21, 3),
(92, 'DEL0000663', 'Dell - Series X43', 'Inserte una descripción', 'G3000067O', 88.25, 3.30, 229, 21, 13),
(93, 'ACE0000646', 'Acer - X71', 'Inserte una descripción', 'B8000022V', 397.77, 3.08, 263, 21, 14),
(94, 'APP0000882', 'Apple - X90', 'Inserte una descripción', 'F9000096R', 420.22, 1.83, 153, 21, 4),
(95, 'DEL0000678', 'Dell - High53', 'Inserte una descripción', 'C3000033G', 138.74, 4.79, 264, 21, 7),
(96, 'DEL0000708', 'Dell - Reno9', 'Inserte una descripción', 'G5000007G', 329.73, 2.31, 290, 21, 4),
(97, 'DEL0000712', 'Dell - X55', 'Inserte una descripción', 'J7000020T', 429.35, 1.83, 155, 21, 7),
(98, 'ACE0000654', 'Acer - Reno46', 'Inserte una descripción', 'A6000081C', 252.12, 1.38, 109, 21, 14),
(99, 'APP0000883', 'Apple - Mega2', 'Inserte una descripción', 'H7000078Z', 220.50, 2.03, 183, 21, 7),
(100, 'DEL0000719', 'Dell - Series S13', 'Inserte una descripción', 'B8000022V', 466.10, 3.00, 164, 21, 5),
(101, 'ACE0000657', 'Acer - Max48', 'Inserte una descripción', 'F9000046T', 106.52, 2.47, 203, 21, 15),
(102, 'APP0000904', 'Apple - X92', 'Inserte una descripción', 'I2000089K', 329.66, 3.19, 144, 21, 15),
(103, 'DEL0000736', 'Dell - Max95', 'Inserte una descripción', 'D2000034H', 10.73, 2.63, 218, 21, 5),
(104, 'DEL0000791', 'Dell - High11', 'Inserte una descripción', 'D2000034H', 335.99, 3.07, 132, 21, 5),
(105, 'DEL0000809', 'Dell - Series S40', 'Inserte una descripción', 'H7000078Z', 42.36, 3.60, 152, 21, 3),
(106, 'ACE0000680', 'Acer - S63', 'Inserte una descripción', 'E5000095Q', 154.81, 4.65, 85, 21, 14),
(107, 'APP0000912', 'Apple - Max85', 'Inserte una descripción', 'F4000016P', 485.99, 4.39, 51, 21, 5),
(108, 'ACE0000687', 'Acer - Lite14', 'Inserte una descripción', 'I6000049W', 388.83, 2.20, 161, 21, 7),
(109, 'APP0000942', 'Apple - S62', 'Inserte una descripción', 'E1000035I', 129.00, 3.82, 275, 21, 4),
(110, 'ACE0000723', 'Acer - S76', 'Inserte una descripción', 'B3000092N', 307.50, 4.91, 196, 21, 14),
(111, 'DEL0000820', 'Dell - S41', 'Inserte una descripción', 'E7000045S', 376.92, 2.83, 295, 21, 3),
(112, 'APP0000949', 'Apple - S12', 'Inserte una descripción', 'I3000019S', 223.10, 2.03, 299, 21, 7),
(113, 'ACE0000740', 'Acer - Series X63', 'Inserte una descripción', 'H2000028B', 224.04, 1.48, 62, 21, 15),
(114, 'APP0000951', 'Apple - Series S66', 'Inserte una descripción', 'G3000067O', 424.88, 2.31, 91, 21, 14),
(115, 'DEL0000824', 'Dell - Max77', 'Inserte una descripción', 'J7000070R', 310.37, 2.36, 241, 21, 13),
(116, 'ACE0000747', 'Acer - Series X79', 'Inserte una descripción', 'E8000075W', 103.28, 3.97, 102, 21, 3),
(117, 'APP0000952', 'Apple - Reno30', 'Inserte una descripción', 'G3000097S', 2.91, 3.64, 64, 21, 13),
(118, 'DEL0000834', 'Dell - Reno66', 'Inserte una descripción', 'H8000098T', 216.69, 3.40, 194, 21, 3),
(119, 'DEL0000839', 'Dell - Mega32', 'Inserte una descripción', 'E1000035I', 154.91, 1.37, 151, 21, 13),
(120, 'ACE0000756', 'Acer - Series S68', 'Inserte una descripción', 'H2000058F', 425.00, 3.12, 171, 21, 15),
(121, 'APP0000982', 'Apple - High85', 'Inserte una descripción', 'B9000032F', 341.46, 4.39, 255, 21, 14),
(122, 'ACE0000772', 'Acer - Series S96', 'Inserte una descripción', 'H3000048V', 176.60, 2.65, 237, 21, 7),
(123, 'APP0001009', 'Apple - Mega63', 'Inserte una descripción', 'E5000095Q', 457.59, 2.76, 101, 21, 4),
(124, 'DEL0000856', 'Dell - Series S70', 'Inserte una descripción', 'F9000046T', 449.14, 3.57, 87, 21, 3),
(125, 'ACE0000806', 'Acer - X70', 'Inserte una descripción', 'I6000049W', 139.45, 3.30, 80, 21, 7),
(126, 'APP0001016', 'Apple - S40', 'Inserte una descripción', 'G4000017Q', 364.03, 3.88, 100, 21, 13),
(127, 'DEL0000879', 'Dell - Reno31', 'Inserte una descripción', 'A8000091M', 370.46, 2.59, 252, 21, 5),
(128, 'ACE0000822', 'Acer - Reno74', 'Inserte una descripción', 'E6000015O', 172.14, 4.82, 139, 21, 7),
(129, 'APP0001026', 'Apple - Mega53', 'Inserte una descripción', 'B3000092N', 44.31, 4.91, 236, 21, 4),
(130, 'DEL0000888', 'Dell - X18', 'Inserte una descripción', 'B4000052Z', 269.58, 3.13, 284, 21, 4),
(131, 'ACE0000837', 'Acer - X33', 'Inserte una descripción', 'A5009999E', 95.68, 2.94, 102, 21, 14),
(132, 'ASU0000000', 'Asus - Series S34', 'Inserte una descripción', 'D3000014N', 347.64, 3.47, 161, 21, 13),
(133, 'DEL0000906', 'Dell - Series X44', 'Inserte una descripción', 'H5000068P', 426.92, 1.21, 93, 21, 15),
(134, 'DEL0000926', 'Dell - Series X32', 'Inserte una descripción', 'E7000045S', 475.30, 1.86, 118, 21, 5),
(135, 'DEL0000931', 'Dell - Mega18', 'Inserte una descripción', 'H3000008H', 151.41, 3.49, 173, 21, 4),
(136, 'DEL0000934', 'Dell - High88', 'Inserte una descripción', 'C3000023W', 105.23, 1.68, 114, 21, 14),
(137, 'ASU0000045', 'Asus - Lite32', 'Inserte una descripción', 'F3000086H', 376.43, 2.76, 155, 21, 4),
(138, 'ASU0000050', 'Asus - Lite84', 'Inserte una descripción', 'A7000041O', 101.51, 3.29, 228, 21, 14),
(139, 'ACE0000855', 'Acer - S15', 'Inserte una descripción', 'B8000012L', 227.69, 2.62, 101, 21, 14),
(140, 'ASU0000057', 'Asus - X16', 'Inserte una descripción', 'D3000014N', 64.90, 1.63, 81, 21, 5),
(141, 'DEL0000969', 'Dell - S80', 'Inserte una descripción', 'A5000031E', 98.72, 4.56, 117, 21, 14),
(142, 'DEL0001005', 'Dell - Reno68', 'Inserte una descripción', 'E7000045S', 33.64, 3.51, 70, 21, 3),
(143, 'DEL0001010', 'Dell - Series X49', 'Inserte una descripción', 'G9000047U', 252.66, 3.76, 162, 21, 7),
(144, 'ASU0000062', 'Asus - Mega43', 'Inserte una descripción', 'J6000040N', 351.47, 1.48, 175, 21, 14),
(145, 'DEL0001018', 'Dell - Lite64', 'Inserte una descripción', 'C3000033G', 193.84, 3.93, 148, 21, 15),
(146, 'ASU0000066', 'Asus - S13', 'Inserte una descripción', 'A8000011K', 323.97, 2.41, 68, 21, 3),
(147, 'GOO0000014', 'Google - Lite79', 'Inserte una descripción', 'E5000095Q', 447.13, 3.84, 136, 21, 15),
(148, 'ASU0000071', 'Asus - Reno20', 'Inserte una descripción', 'E7000045S', 359.17, 3.63, 282, 21, 3),
(149, 'ASU0000092', 'Asus - Series S58', 'Inserte una descripción', 'J6000040N', 217.64, 3.30, 264, 21, 14),
(150, 'ASU0000094', 'Asus - Max29', 'Inserte una descripción', 'D3000024X', 197.57, 1.99, 138, 21, 14),
(151, 'GOO0000029', 'Google - X10', 'Inserte una descripción', 'A5000002E', 482.84, 3.66, 232, 21, 3),
(152, 'ASU0000104', 'Asus - X5', 'Inserte una descripción', 'A6000071S', 36.23, 2.17, 187, 21, 7),
(153, 'GOO0000037', 'Google - Reno4', 'Inserte una descripción', 'G7000077Y', 465.81, 2.08, 266, 21, 15),
(154, 'GOO0000046', 'Google - X62', 'Inserte una descripción', 'F9000056D', 39.96, 3.56, 249, 21, 7),
(155, 'ASU0000113', 'Asus - Lite17', 'Inserte una descripción', 'J2000080B', 477.19, 2.44, 72, 21, 3),
(156, 'GOO0000052', 'Google - Mega23', 'Inserte una descripción', 'C6000063K', 468.94, 1.02, 61, 21, 4),
(157, 'GOO0000086', 'Google - Reno5', 'Inserte una descripción', 'C3000033G', 145.29, 2.41, 193, 21, 14),
(158, 'ASU0000150', 'Asus - High79', 'Inserte una descripción', 'B9000032F', 117.64, 1.87, 122, 21, 5),
(159, 'ASU0000152', 'Asus - Reno96', 'Inserte una descripción', 'A5009999E', 473.44, 3.59, 211, 21, 15),
(160, 'ASU0000176', 'Asus - Max71', 'Inserte una descripción', 'D9000054B', 122.66, 3.52, 196, 21, 3),
(161, 'GOO0000117', 'Google - Reno43', 'Inserte una descripción', 'A6000081C', 482.15, 4.56, 135, 21, 3),
(162, 'ASU0000198', 'Asus - Mega28', 'Inserte una descripción', 'F9000056D', 40.61, 3.49, 274, 21, 3),
(163, 'GOO0000121', 'Google - X56', 'Inserte una descripción', 'E1000035I', 39.34, 2.02, 179, 21, 4),
(164, 'ASU0000221', 'Asus - Mega62', 'Inserte una descripción', 'H9000038L', 427.63, 3.69, 184, 21, 5),
(165, 'GOO0000149', 'Google - Lite51', 'Inserte una descripción', 'C4000043Q', 320.07, 1.31, 280, 21, 5),
(166, 'ASU0000236', 'Asus - High13', 'Inserte una descripción', 'F4000016P', 101.58, 4.83, 218, 21, 3),
(167, 'GOO0000172', 'Google - Reno89', 'Inserte una descripción', 'A8000091M', 270.33, 2.73, 86, 21, 3),
(168, 'GOO0000192', 'Google - X11', 'Inserte una descripción', 'E6000015O', 273.66, 4.12, 277, 21, 3),
(169, 'GOO0000206', 'Google - S25', 'Inserte una descripción', 'I7000079A', 396.60, 4.68, 250, 21, 5),
(170, 'GOO0000337', 'Google - X86', 'Inserte una descripción', 'G4000017Q', 489.60, 2.98, 208, 21, 4),
(171, 'GOO0000341', 'Google - High58', 'Inserte una descripción', 'E8000075W', 471.07, 3.44, 179, 21, 4),
(172, 'GOO0000349', 'Google - Lite1', 'Inserte una descripción', 'D1000074V', 325.97, 1.55, 215, 21, 3),
(173, 'GOO0000356', 'Google - Reno36', 'Inserte una descripción', 'I3000029C', 391.82, 1.49, 143, 21, 5),
(174, 'GOO0000394', 'Google - High96', 'Inserte una descripción', 'H2000058F', 123.98, 1.44, 262, 21, 4),
(175, 'GOO0000397', 'Google - X30', 'Inserte una descripción', 'H9000018R', 38.26, 2.00, 81, 21, 7),
(176, 'GOO0000410', 'Google - Max80', 'Inserte una descripción', 'A5000002E', 343.21, 4.08, 101, 21, 13),
(177, 'GOO0000418', 'Google - Series S90', 'Inserte una descripción', 'J3000090L', 47.76, 3.58, 125, 21, 13),
(178, 'GOO0000420', 'Google - Lite87', 'Inserte una descripción', 'J2000050X', 18.60, 2.26, 253, 21, 15),
(179, 'GOO0000435', 'Google - Lite37', 'Inserte una descripción', 'H2000058F', 451.51, 1.76, 282, 21, 13),
(180, 'GOO0000436', 'Google - Series X17', 'Inserte una descripción', 'I8000069Q', 1.31, 2.24, 55, 21, 7),
(181, 'GOO0000437', 'Google - High14', 'Inserte una descripción', 'C4000043Q', 473.29, 3.74, 96, 21, 5),
(182, 'GOO0000439', 'Google - Max79', 'Inserte una descripción', 'A7000041O', 40.83, 3.93, 221, 21, 7),
(183, 'ASU0000237', 'Asus - Mega76', 'Inserte una descripción', 'E5000095Q', 191.42, 3.59, 152, 21, 14),
(184, 'GOO0000440', 'Google - Max96', 'Inserte una descripción', 'G1000027A', 35.19, 2.14, 209, 21, 7),
(185, 'GOO0000445', 'Google - Lite6', 'Inserte una descripción', 'F6000076X', 330.13, 4.22, 233, 21, 13),
(186, 'GOO0000479', 'Google - S99', 'Inserte una descripción', 'I3000029C', 453.75, 2.06, 111, 21, 7),
(187, 'ASU0000242', 'Asus - Series X95', 'Inserte una descripción', 'F1000036J', 244.72, 2.84, 80, 21, 15),
(188, 'GOO0000480', 'Google - Series S57', 'Inserte una descripción', 'D1000044R', 466.08, 2.20, 217, 21, 15),
(189, 'ASU0000276', 'Asus - Series S5', 'Inserte una descripción', 'G3000097S', 469.03, 3.64, 214, 21, 14),
(190, 'GOO0000484', 'Google - Series S56', 'Inserte una descripción', 'D3000064L', 481.79, 1.34, 280, 21, 15),
(191, 'ASU0000284', 'Asus - Lite61', 'Inserte una descripción', 'F9000046T', 39.10, 1.61, 124, 21, 13),
(192, 'ASU0000289', 'Asus - Lite70', 'Inserte una descripción', 'H2000088J', 60.76, 4.96, 280, 21, 7),
(193, 'ASU0000304', 'Asus - Max6', 'Inserte una descripción', 'F9000046T', 491.52, 2.74, 70, 21, 4),
(194, 'ASU0000308', 'Asus - X46', 'Inserte una descripción', 'G5000007G', 289.15, 1.52, 176, 21, 13),
(195, 'ASU0000335', 'Asus - Lite33', 'Inserte una descripción', 'G1000027A', 496.17, 2.28, 255, 21, 14),
(196, 'ASU0000336', 'Asus - Lite2', 'Inserte una descripción', 'H8000098T', 372.90, 3.67, 286, 21, 13),
(197, 'ASU0000342', 'Asus - Mega3', 'Inserte una descripción', 'D9000054B', 141.67, 4.34, 263, 21, 4),
(198, 'ASU0000362', 'Asus - Mega42', 'Inserte una descripción', 'C6000073U', 143.68, 2.41, 60, 21, 7),
(199, 'ASU0000384', 'Asus - X17', 'Inserte una descripción', 'B8000022V', 31.98, 2.70, 260, 21, 3),
(200, 'ASU0000389', 'Asus - Reno60', 'Inserte una descripción', 'F6000076X', 175.56, 3.71, 82, 21, 13),
(201, 'ACE0000861', 'Acer - Reno86', 'Inserte una descripción', 'A5000002E', 208.03, 3.28, 283, 21, 13),
(202, 'GOO0000497', 'Google - High64', 'Inserte una descripción', 'I8000059G', 408.33, 1.64, 79, 21, 15),
(203, 'ACE0000878', 'Acer - Reno85', 'Inserte una descripción', 'D9000004D', 2.33, 2.82, 76, 21, 4),
(204, 'GOO0000531', 'Google - Mega8', 'Inserte una descripción', 'J7000020T', 287.21, 3.13, 134, 21, 15),
(205, 'GOO0000544', 'Google - X26', 'Inserte una descripción', 'I3000019S', 155.01, 2.69, 241, 21, 4),
(206, 'ACE0000921', 'Acer - Reno45', 'Inserte una descripción', 'A6000061I', 20.12, 3.16, 175, 21, 15),
(207, 'ACE0000933', 'Acer - X26', 'Inserte una descripción', 'J2000050X', 374.43, 2.67, 217, 21, 5),
(208, 'ACE0000939', 'Acer - S49', 'Inserte una descripción', 'C1000013M', 389.07, 2.35, 51, 21, 13),
(209, 'ACE0000977', 'Acer - High34', 'Inserte una descripción', 'F2000066N', 109.54, 2.65, 56, 21, 5),
(210, 'ACE0000994', 'Acer - Series X16', 'Inserte una descripción', 'C4000043Q', 257.63, 2.19, 73, 21, 13),
(211, 'ACE0001002', 'Acer - Mega17', 'Inserte una descripción', 'G5000007G', 465.08, 3.85, 87, 21, 3),
(212, 'ACE0001012', 'Acer - X46', 'Inserte una descripción', 'E5000095Q', 53.01, 2.48, 239, 21, 5),
(213, 'ACE0001015', 'Acer - Lite87', 'Inserte una descripción', 'F9000096R', 417.40, 2.54, 68, 21, 3),
(214, 'APP0000005', 'Apple - Reno34', 'Inserte una descripción', 'I1000009I', 453.51, 2.96, 256, 21, 15),
(215, 'APP0000011', 'Apple - Lite7', 'Inserte una descripción', 'J2000050X', 297.25, 1.37, 152, 21, 7),
(216, 'APP0000080', 'Apple - Lite79', 'Inserte una descripción', 'C3000033G', 66.10, 2.41, 182, 21, 13),
(217, 'APP0000081', 'Apple - X30', 'Inserte una descripción', 'C3000033G', 198.74, 2.48, 228, 21, 7),
(218, 'APP0000102', 'Apple - Series X16', 'Inserte una descripción', 'C9000093O', 459.17, 3.42, 130, 21, 3),
(219, 'APP0000107', 'Apple - S95', 'Inserte una descripción', 'D1000074V', 354.58, 1.67, 142, 21, 15),
(220, 'APP0000108', 'Apple - Series X16', 'Inserte una descripción', 'D3000064L', 107.61, 1.02, 173, 21, 3),
(221, 'APP0000110', 'Apple - Series S30', 'Inserte una descripción', 'I3000039M', 329.30, 4.43, 73, 21, 13),
(222, 'APP0000111', 'Apple - Reno95', 'Inserte una descripción', 'A5000031E', 242.28, 3.09, 169, 21, 13),
(223, 'APP0000119', 'Apple - Lite9', 'Inserte una descripción', 'F9000056D', 102.64, 2.90, 165, 21, 14),
(224, 'APP0000125', 'Apple - Max16', 'Inserte una descripción', 'E1000025Y', 274.61, 4.35, 79, 21, 14),
(225, 'APP0000131', 'Apple - Series X49', 'Inserte una descripción', 'D1000044R', 422.92, 4.57, 290, 21, 7),
(226, 'HIT0000660', 'Hitachi - High89', 'Inserte una descripción', 'F9000046T', 348.88, 2.33, 279, 21, 13),
(227, 'HIT0000665', 'Hitachi - S32', 'Inserte una descripción', 'B5000082D', 326.01, 2.07, 175, 21, 4),
(228, 'LG0000074', 'LG - Series X81', 'Inserte una descripción', 'A8000011K', 315.76, 1.21, 291, 21, 13),
(229, 'LG0000084', 'LG - S64', 'Inserte una descripción', 'B8000022V', 480.79, 3.32, 178, 21, 4),
(230, 'HIT0000668', 'Hitachi - Max9', 'Inserte una descripción', 'F3000086H', 448.33, 2.42, 287, 21, 7),
(231, 'LG0000124', 'LG - High14', 'Inserte una descripción', 'A8000051Y', 61.22, 1.15, 97, 21, 5),
(232, 'HIT0000672', 'Hitachi - Max67', 'Inserte una descripción', 'J2000050X', 480.12, 4.33, 77, 21, 4),
(233, 'LG0000138', 'LG - Max18', 'Inserte una descripción', 'D7000084F', 194.11, 2.10, 131, 21, 15),
(234, 'HIT0000677', 'Hitachi - Series X50', 'Inserte una descripción', 'I3000039M', 276.31, 3.55, 216, 21, 13),
(235, 'LG0000144', 'LG - Series S7', 'Inserte una descripción', 'A6000061I', 172.17, 3.57, 80, 21, 4),
(236, 'HIT0000707', 'Hitachi - S49', 'Inserte una descripción', 'C3000033G', 329.82, 1.46, 199, 21, 15),
(237, 'LG0000145', 'LG - S58', 'Inserte una descripción', 'F9000046T', 3.35, 2.02, 154, 21, 15),
(238, 'LG0000200', 'LG - Mega55', 'Inserte una descripción', 'G1000057E', 495.05, 2.21, 232, 21, 5),
(239, 'LG0000204', 'LG - Series X4', 'Inserte una descripción', 'F9000006F', 46.92, 4.95, 74, 21, 15),
(240, 'LG0000212', 'LG - Lite43', 'Inserte una descripción', 'H8000098T', 402.01, 3.19, 249, 21, 7),
(241, 'LG0000233', 'LG - S54', 'Inserte una descripción', 'E2000005E', 448.95, 2.17, 73, 21, 13),
(242, 'LG0000254', 'LG - Lite74', 'Inserte una descripción', 'I3000019S', 366.01, 1.53, 264, 21, 4),
(243, 'HIT0000720', 'Hitachi - Mega82', 'Inserte una descripción', 'A5000031E', 410.84, 2.85, 263, 21, 5),
(244, 'LG0000267', 'LG - High45', 'Inserte una descripción', 'I8000059G', 145.61, 3.50, 157, 21, 3),
(245, 'HIT0000722', 'Hitachi - Reno28', 'Inserte una descripción', 'C9000053A', 102.71, 2.02, 247, 21, 14),
(246, 'LG0000279', 'LG - High4', 'Inserte una descripción', 'I3000019S', 344.67, 2.86, 122, 21, 13),
(247, 'ASU0000400', 'Asus - X48', 'Inserte una descripción', 'B5000042P', 419.88, 2.29, 56, 21, 5),
(248, 'LG0000301', 'LG - Series S29', 'Inserte una descripción', 'D7000084F', 428.31, 3.94, 97, 21, 4),
(249, 'LG0000320', 'LG - Series S49', 'Inserte una descripción', 'C9000053A', 421.78, 3.11, 238, 21, 7),
(250, 'ASU0000403', 'Asus - Series X91', 'Inserte una descripción', 'A8000091M', 376.79, 3.10, 124, 21, 4),
(251, 'LG0000325', 'LG - High89', 'Inserte una descripción', 'I3000039M', 189.20, 1.70, 205, 21, 3),
(252, 'ASU0000469', 'Asus - High98', 'Inserte una descripción', 'I4000099U', 187.15, 4.44, 128, 21, 13),
(253, 'LG0000331', 'LG - Lite55', 'Inserte una descripción', 'B7000002B', 30.88, 3.29, 289, 21, 3),
(254, 'LG0000340', 'LG - X13', 'Inserte una descripción', 'I3000039M', 133.84, 1.31, 71, 21, 5),
(255, 'LG0000392', 'LG - S51', 'Inserte una descripción', 'E2000005E', 430.05, 1.34, 154, 21, 15),
(256, 'LG0000401', 'LG - Reno51', 'Inserte una descripción', 'F4000016P', 83.54, 2.68, 121, 21, 13),
(257, 'LG0000404', 'LG - Series X9', 'Inserte una descripción', 'C3000033G', 471.79, 1.92, 145, 21, 14),
(258, 'LG0000414', 'LG - Series X1', 'Inserte una descripción', 'I1000009I', 219.23, 4.40, 274, 21, 7),
(259, 'ASU0000490', 'Asus - X59', 'Inserte una descripción', 'B7000002B', 24.76, 3.50, 281, 21, 5),
(260, 'LG0000415', 'LG - Series X57', 'Inserte una descripción', 'J8000010J', 234.31, 2.35, 275, 21, 3),
(261, 'ASU0000511', 'Asus - Mega32', 'Inserte una descripción', 'A6000071S', 381.23, 1.63, 191, 21, 15),
(262, 'LG0000477', 'LG - Lite88', 'Inserte una descripción', 'H3000008H', 319.82, 2.08, 163, 21, 13),
(263, 'LG0000491', 'LG - X56', 'Inserte una descripción', 'E6000015O', 264.94, 2.47, 104, 21, 13),
(264, 'LG0000501', 'LG - Max90', 'Inserte una descripción', 'H3000048V', 288.53, 2.23, 181, 21, 7),
(265, 'ASU0000520', 'Asus - Series S19', 'Inserte una descripción', 'A5000003E', 232.46, 1.40, 101, 21, 7),
(266, 'LG0000515', 'LG - High27', 'Inserte una descripción', 'I3000019S', 462.57, 2.19, 63, 21, 7),
(267, 'ASU0000540', 'Asus - X66', 'Inserte una descripción', 'H2000028B', 85.66, 3.10, 289, 21, 14),
(268, 'LG0000532', 'LG - Reno5', 'Inserte una descripción', 'B7000002B', 210.23, 4.57, 110, 21, 4),
(269, 'ASU0000546', 'Asus - Lite41', 'Inserte una descripción', 'F4000016P', 380.54, 4.38, 158, 21, 3),
(270, 'LG0000557', 'LG - Max46', 'Inserte una descripción', 'A5000003E', 417.18, 3.19, 216, 21, 15),
(271, 'ASU0000548', 'Asus - X22', 'Inserte una descripción', 'G7000077Y', 29.30, 2.35, 150, 21, 4),
(272, 'LG0000564', 'LG - Series X32', 'Inserte una descripción', 'I1000009I', 122.44, 1.60, 158, 21, 13),
(273, 'ASU0000554', 'Asus - Series X94', 'Inserte una descripción', 'H3000008H', 480.84, 3.19, 105, 21, 7),
(274, 'LG0000565', 'LG - Max44', 'Inserte una descripción', 'J2000080B', 165.69, 2.68, 98, 21, 5),
(275, 'ASU0000585', 'Asus - Series X69', 'Inserte una descripción', 'C3000033G', 226.42, 3.54, 206, 21, 15),
(276, 'GOO0000568', 'Google - Mega2', 'Inserte una descripción', 'I1000009I', 245.42, 2.05, 209, 21, 4),
(277, 'ASU0000610', 'Asus - Mega87', 'Inserte una descripción', 'B6000072T', 431.44, 2.57, 273, 21, 14),
(278, 'HIT0000744', 'Hitachi - Mega49', 'Inserte una descripción', 'H9000038L', 256.95, 2.71, 125, 21, 3),
(279, 'ASU0000638', 'Asus - Max39', 'Inserte una descripción', 'B3000092N', 7.53, 4.94, 95, 21, 5),
(280, 'HIT0000768', 'Hitachi - Series S9', 'Inserte una descripción', 'G4000017Q', 20.72, 4.48, 202, 21, 3),
(281, 'LG0000582', 'LG - Series X13', 'Inserte una descripción', 'A8000021U', 102.32, 1.55, 242, 21, 15),
(282, 'ASU0000666', 'Asus - Series S13', 'Inserte una descripción', 'A6000061I', 451.12, 2.78, 161, 21, 7),
(283, 'HIT0000775', 'Hitachi - Max59', 'Inserte una descripción', 'E6000015O', 384.23, 2.73, 144, 21, 15),
(284, 'LG0000584', 'LG - High84', 'Inserte una descripción', 'G3000097S', 404.79, 2.32, 92, 21, 14),
(285, 'ASU0000670', 'Asus - Mega48', 'Inserte una descripción', 'J7000020T', 455.57, 1.50, 263, 21, 13),
(286, 'GOO0000571', 'Google - Mega7', 'Inserte una descripción', 'A8000091M', 185.97, 3.72, 62, 21, 4),
(287, 'HIT0000780', 'Hitachi - X17', 'Inserte una descripción', 'B9000032F', 287.94, 4.54, 95, 21, 15),
(288, 'ASU0000694', 'Asus - S66', 'Inserte una descripción', 'I7000079A', 391.79, 3.44, 197, 21, 5),
(289, 'HIT0000841', 'Hitachi - S38', 'Inserte una descripción', 'I1000009I', 464.86, 4.70, 291, 21, 3),
(290, 'ASU0000710', 'Asus - Mega63', 'Inserte una descripción', 'F3000086H', 429.86, 4.97, 78, 21, 4),
(291, 'HIT0000845', 'Hitachi - Mega54', 'Inserte una descripción', 'J2000050X', 225.91, 2.48, 206, 21, 15),
(292, 'LG0000602', 'LG - S89', 'Inserte una descripción', 'J6000040N', 440.23, 3.19, 286, 21, 4),
(293, 'HIT0000867', 'Hitachi - Max15', 'Inserte una descripción', 'I3000029C', 262.65, 4.82, 137, 21, 7),
(294, 'LG0000606', 'LG - Max41', 'Inserte una descripción', 'D3000014N', 266.28, 4.83, 174, 21, 15),
(295, 'GOO0000577', 'Google - S7', 'Inserte una descripción', 'F2000026Z', 289.70, 4.35, 106, 21, 13),
(296, 'LG0000612', 'LG - Max40', 'Inserte una descripción', 'I3000039M', 112.32, 4.13, 259, 21, 13),
(297, 'GOO0000579', 'Google - High29', 'Inserte una descripción', 'G1000057E', 273.65, 3.22, 287, 21, 4),
(298, 'ASU0000725', 'Asus - Series S38', 'Inserte una descripción', 'A5000002E', 176.26, 2.41, 154, 21, 5),
(299, 'LG0000621', 'LG - High25', 'Inserte una descripción', 'B3000092N', 275.68, 2.03, 263, 21, 3),
(300, 'ASU0000728', 'Asus - High98', 'Inserte una descripción', 'A8000051Y', 145.29, 4.22, 173, 21, 5),
(301, 'GOO0000613', 'Google - Mega91', 'Inserte una descripción', 'H3000048V', 441.14, 2.03, 181, 21, 15),
(302, 'LG0000631', 'LG - Reno33', 'Inserte una descripción', 'G3000067O', 197.10, 4.40, 60, 21, 13),
(303, 'GOO0000641', 'Google - Reno87', 'Inserte una descripción', 'J1000060H', 190.76, 3.68, 73, 21, 15),
(304, 'LG0000676', 'LG - High89', 'Inserte una descripción', 'H9000018R', 454.71, 2.36, 121, 21, 13),
(305, 'GOO0000651', 'Google - Series S90', 'Inserte una descripción', 'D9000004D', 407.16, 4.77, 267, 21, 13),
(306, 'LG0000689', 'LG - Series X40', 'Inserte una descripción', 'J2000030D', 381.66, 3.24, 74, 21, 13),
(307, 'HIT0000896', 'Hitachi - Series X85', 'Inserte una descripción', 'C9000053A', 375.16, 2.36, 80, 21, 14),
(308, 'GOO0000693', 'Google - Reno29', 'Inserte una descripción', 'A8000021U', 174.35, 2.43, 277, 21, 3),
(309, 'LG0000699', 'LG - S54', 'Inserte una descripción', 'E5000065M', 374.22, 4.40, 144, 21, 14),
(310, 'HIT0000898', 'Hitachi - High38', 'Inserte una descripción', 'A5000031E', 389.31, 3.48, 76, 21, 5),
(311, 'GOO0000748', 'Google - Max49', 'Inserte una descripción', 'G3000097S', 71.14, 2.41, 245, 21, 13),
(312, 'GOO0000770', 'Google - Series X56', 'Inserte una descripción', 'C1000083E', 312.64, 1.98, 134, 21, 7),
(313, 'ASU0000745', 'Asus - S10', 'Inserte una descripción', 'J7000020T', 157.22, 4.47, 227, 21, 14),
(314, 'GOO0000781', 'Google - High75', 'Inserte una descripción', 'F2000066N', 215.98, 3.94, 121, 21, 7),
(315, 'ASU0000746', 'Asus - High20', 'Inserte una descripción', 'G7000077Y', 203.67, 1.97, 98, 21, 14),
(316, 'LG0000701', 'LG - Series S95', 'Inserte una descripción', 'I6000049W', 479.33, 3.46, 224, 21, 15),
(317, 'GOO0000782', 'Google - Lite82', 'Inserte una descripción', 'C6000073U', 274.79, 2.11, 157, 21, 15),
(318, 'HIT0000916', 'Hitachi - Max73', 'Inserte una descripción', 'E5000065M', 247.47, 3.90, 66, 21, 15),
(319, 'GOO0000787', 'Google - Mega93', 'Inserte una descripción', 'G3000097S', 381.21, 2.70, 256, 21, 7),
(320, 'HIT0000945', 'Hitachi - Reno41', 'Inserte una descripción', 'J2000050X', 209.10, 2.81, 225, 21, 15),
(321, 'GOO0000792', 'Google - S22', 'Inserte una descripción', 'J6000040N', 22.89, 2.34, 250, 21, 5),
(322, 'ASU0000757', 'Asus - Reno19', 'Inserte una descripción', 'H7000078Z', 500.85, 2.35, 57, 21, 15),
(323, 'LG0000716', 'LG - Reno18', 'Inserte una descripción', 'G2000087I', 222.33, 3.26, 92, 21, 3),
(324, 'ASU0000788', 'Asus - S36', 'Inserte una descripción', 'G5000007G', 494.20, 2.96, 294, 21, 7),
(325, 'LG0000724', 'LG - S39', 'Inserte una descripción', 'H8000098T', 438.33, 3.85, 214, 21, 4),
(326, 'ASU0000801', 'Asus - X9', 'Inserte una descripción', 'I2000089K', 453.18, 3.05, 269, 21, 13),
(327, 'HIT0000965', 'Hitachi - Reno3', 'Inserte una descripción', 'A8000091M', 269.74, 3.30, 158, 21, 13),
(328, 'ASU0000802', 'Asus - High79', 'Inserte una descripción', 'D1000044R', 443.69, 1.31, 247, 21, 7),
(329, 'HIT0000967', 'Hitachi - S26', 'Inserte una descripción', 'E1000025Y', 174.26, 2.43, 123, 21, 5),
(330, 'GOO0000803', 'Google - Lite98', 'Inserte una descripción', 'J1000060H', 162.04, 2.17, 217, 21, 3),
(331, 'ASU0000815', 'Asus - Series S19', 'Inserte una descripción', 'E5000065M', 447.50, 3.56, 168, 21, 5),
(332, 'HP0000006', 'HP - Lite3', 'Inserte una descripción', 'C6000073U', 449.37, 2.57, 85, 21, 4),
(333, 'GOO0000811', 'Google - Series S95', 'Inserte una descripción', 'A6000071S', 224.76, 3.27, 53, 21, 13),
(334, 'LG0000731', 'LG - Reno7', 'Inserte una descripción', 'J3000090L', 71.26, 1.75, 249, 21, 5),
(335, 'ASU0000816', 'Asus - X30', 'Inserte una descripción', 'G1000027A', 41.32, 1.92, 186, 21, 15),
(336, 'HP0000018', 'HP - High64', 'Inserte una descripción', 'J2000050X', 297.74, 3.99, 95, 21, 7),
(337, 'LG0000742', 'LG - High67', 'Inserte una descripción', 'E7000045S', 155.00, 2.75, 231, 21, 3),
(338, 'ASU0000852', 'Asus - Mega43', 'Inserte una descripción', 'H9000038L', 30.66, 1.55, 73, 21, 4),
(339, 'LG0000750', 'LG - X94', 'Inserte una descripción', 'H2000088J', 280.75, 2.51, 77, 21, 4),
(340, 'ASU0000862', 'Asus - Series S7', 'Inserte una descripción', 'C4000043Q', 420.77, 4.21, 148, 21, 4),
(341, 'ASU0000881', 'Asus - Lite43', 'Inserte una descripción', 'C9000053A', 265.74, 1.07, 273, 21, 13),
(342, 'ASU0000897', 'Asus - Max73', 'Inserte una descripción', 'A6000061I', 127.14, 2.47, 169, 21, 14),
(343, 'ASU0000909', 'Asus - Series X75', 'Inserte una descripción', 'G4000017Q', 241.97, 2.42, 208, 21, 4),
(344, 'LG0000793', 'LG - Lite80', 'Inserte una descripción', 'G5000037K', 235.30, 1.96, 132, 21, 15),
(345, 'ASU0000919', 'Asus - X34', 'Inserte una descripción', 'F6000076X', 79.18, 4.68, 57, 21, 4),
(346, 'GOO0000864', 'Google - Lite22', 'Inserte una descripción', 'D9000054B', 11.10, 2.68, 275, 21, 7),
(347, 'HP0000028', 'HP - Series X23', 'Inserte una descripción', 'B9000032F', 14.72, 2.67, 140, 21, 4),
(348, 'LG0000812', 'LG - Reno13', 'Inserte una descripción', 'B6000072T', 218.90, 3.66, 287, 21, 5),
(349, 'ASU0000922', 'Asus - X67', 'Inserte una descripción', 'G4000017Q', 4.83, 2.14, 91, 21, 4),
(350, 'GOO0000868', 'Google - High43', 'Inserte una descripción', 'J7000020T', 140.11, 2.51, 74, 21, 14),
(351, 'ASU0000953', 'Asus - Reno36', 'Inserte una descripción', 'A8000011K', 393.22, 1.68, 129, 21, 3),
(352, 'LG0000835', 'LG - Lite98', 'Inserte una descripción', 'C1000013M', 330.58, 3.92, 297, 21, 14),
(353, 'GOO0000875', 'Google - X91', 'Inserte una descripción', 'B5000082D', 201.24, 3.65, 89, 21, 4),
(354, 'GOO0000910', 'Google - Max85', 'Inserte una descripción', 'G2000087I', 363.53, 2.70, 102, 21, 5),
(355, 'GOO0000915', 'Google - Max78', 'Inserte una descripción', 'A6000081C', 416.92, 4.50, 162, 21, 14),
(356, 'GOO0000979', 'Google - S38', 'Inserte una descripción', 'C1000083E', 463.76, 2.28, 146, 21, 3),
(357, 'GOO0000996', 'Google - Reno22', 'Inserte una descripción', 'G1000027A', 229.14, 2.88, 68, 21, 14),
(358, 'GOO0001019', 'Google - Lite26', 'Inserte una descripción', 'D7000084F', 250.98, 2.26, 187, 21, 7),
(359, 'HIT0000010', 'Hitachi - Series S51', 'Inserte una descripción', 'C6000063K', 102.37, 2.06, 195, 21, 3),
(360, 'HIT0000030', 'Hitachi - Reno86', 'Inserte una descripción', 'C3000033G', 286.18, 2.75, 117, 21, 13),
(361, 'HP0000031', 'HP - High15', 'Inserte una descripción', 'B6000072T', 63.17, 3.86, 100, 21, 7),
(362, 'LG0000844', 'LG - S43', 'Inserte una descripción', 'I3000019S', 426.88, 1.65, 222, 21, 13),
(363, 'HIT0000035', 'Hitachi - Mega28', 'Inserte una descripción', 'H8000098T', 212.22, 3.85, 216, 21, 3),
(364, 'HP0000032', 'HP - Reno79', 'Inserte una descripción', 'H5000068P', 172.79, 3.36, 254, 21, 13),
(365, 'HIT0000051', 'Hitachi - Mega47', 'Inserte una descripción', 'J2000050X', 238.58, 1.38, 120, 21, 13),
(366, 'HP0000040', 'HP - X51', 'Inserte una descripción', 'F9000056D', 223.46, 2.23, 158, 21, 15),
(367, 'HIT0000055', 'Hitachi - High27', 'Inserte una descripción', 'D7000084F', 459.16, 3.64, 260, 21, 7),
(368, 'HP0000054', 'HP - S98', 'Inserte una descripción', 'D1000044R', 49.78, 4.20, 105, 21, 7),
(369, 'HIT0000114', 'Hitachi - Series X19', 'Inserte una descripción', 'C1000083E', 5.74, 2.77, 202, 21, 7),
(370, 'HP0000079', 'HP - S52', 'Inserte una descripción', 'E1000085G', 332.67, 1.77, 125, 21, 7),
(371, 'HIT0000115', 'Hitachi - Reno45', 'Inserte una descripción', 'A5009999E', 313.64, 2.91, 104, 21, 14),
(372, 'HP0000088', 'HP - Max38', 'Inserte una descripción', 'H2000088J', 75.81, 1.78, 240, 21, 4),
(373, 'HIT0000135', 'Hitachi - Lite32', 'Inserte una descripción', 'H5000068P', 446.62, 1.37, 232, 21, 4),
(374, 'HP0000129', 'HP - Mega21', 'Inserte una descripción', 'J8000010J', 297.47, 1.99, 224, 21, 14),
(375, 'HP0000130', 'HP - Max10', 'Inserte una descripción', 'D3000024X', 319.57, 3.86, 222, 21, 4),
(376, 'HP0000134', 'HP - Reno86', 'Inserte una descripción', 'C9000053A', 13.62, 4.50, 227, 21, 3),
(377, 'HP0000148', 'HP - High58', 'Inserte una descripción', 'H7000078Z', 28.65, 4.75, 240, 21, 5),
(378, 'HP0000167', 'HP - Max29', 'Inserte una descripción', 'H5000068P', 196.83, 1.89, 126, 21, 13),
(379, 'ASU0000954', 'Asus - Series X83', 'Inserte una descripción', 'A5000031E', 405.73, 2.61, 122, 21, 15),
(380, 'ASU0000960', 'Asus - Series X33', 'Inserte una descripción', 'I2000089K', 159.88, 2.55, 181, 21, 5),
(381, 'LG0000849', 'LG - S90', 'Inserte una descripción', 'I4000099U', 129.61, 1.12, 53, 21, 7),
(382, 'HP0000194', 'HP - Max24', 'Inserte una descripción', 'J2000080B', 48.98, 3.24, 258, 21, 15),
(383, 'LG0000870', 'LG - Series S88', 'Inserte una descripción', 'H9000038L', 200.77, 3.47, 132, 21, 15),
(384, 'HP0000213', 'HP - X12', 'Inserte una descripción', 'J2000030D', 210.27, 3.63, 249, 21, 5),
(385, 'ASU0000971', 'Asus - Mega16', 'Inserte una descripción', 'J2000030D', 294.14, 3.03, 110, 21, 7),
(386, 'HIT0000141', 'Hitachi - Max5', 'Inserte una descripción', 'A5009999E', 307.01, 2.92, 262, 21, 14),
(387, 'LG0000873', 'LG - Series S26', 'Inserte una descripción', 'A7000041O', 480.06, 3.90, 172, 21, 7),
(388, 'HIT0000147', 'Hitachi - High92', 'Inserte una descripción', 'J7000020T', 59.58, 2.17, 260, 21, 7),
(389, 'LG0000877', 'LG - Lite93', 'Inserte una descripción', 'F9000046T', 248.32, 4.89, 217, 21, 4),
(390, 'HP0000249', 'HP - Series S90', 'Inserte una descripción', 'F2000026Z', 136.35, 2.85, 133, 21, 15),
(391, 'HP0000250', 'HP - Mega77', 'Inserte una descripción', 'B3000092N', 327.21, 3.49, 190, 21, 13),
(392, 'ASU0000975', 'Asus - Lite12', 'Inserte una descripción', 'J8000010J', 99.77, 4.74, 52, 21, 14),
(393, 'HP0000262', 'HP - Lite53', 'Inserte una descripción', 'G5000007G', 422.85, 2.79, 99, 21, 4),
(394, 'ASU0000986', 'Asus - Series S95', 'Inserte una descripción', 'C6000073U', 27.42, 3.87, 91, 21, 14),
(395, 'HP0000292', 'HP - High12', 'Inserte una descripción', 'I3000019S', 457.40, 3.64, 261, 21, 5),
(396, 'HIT0000153', 'Hitachi - X65', 'Inserte una descripción', 'E1000085G', 129.10, 2.98, 90, 21, 4),
(397, 'HP0000305', 'HP - High35', 'Inserte una descripción', 'H2000088J', 370.00, 2.07, 175, 21, 3),
(398, 'HP0000318', 'HP - Max58', 'Inserte una descripción', 'G1000027A', 104.36, 3.60, 258, 21, 14),
(399, 'LG0000880', 'LG - High40', 'Inserte una descripción', 'G4000017Q', 90.50, 3.82, 118, 21, 7),
(400, 'LG0000892', 'LG - X14', 'Inserte una descripción', 'B5000082D', 313.63, 1.70, 55, 21, 13),
(401, 'HIT0000156', 'Hitachi - Series X10', 'Inserte una descripción', 'E1000035I', 132.62, 3.14, 147, 21, 13),
(402, 'LG0000913', 'LG - Max39', 'Inserte una descripción', 'A8000011K', 105.63, 3.02, 90, 21, 7),
(403, 'HIT0000180', 'Hitachi - Lite62', 'Inserte una descripción', 'F3000086H', 255.87, 4.93, 260, 21, 14),
(404, 'HP0000332', 'HP - Mega53', 'Inserte una descripción', 'F9000046T', 321.91, 3.76, 155, 21, 13),
(405, 'LG0000917', 'LG - High25', 'Inserte una descripción', 'D1000044R', 134.22, 2.06, 209, 21, 7),
(406, 'HIT0000183', 'Hitachi - Reno38', 'Inserte una descripción', 'B7000002B', 424.03, 1.36, 253, 21, 4),
(407, 'LG0000918', 'LG - Mega72', 'Inserte una descripción', 'D3000094P', 47.63, 2.97, 264, 21, 7),
(408, 'HP0000359', 'HP - Mega19', 'Inserte una descripción', 'C3000033G', 187.06, 4.02, 140, 21, 13),
(409, 'HIT0000185', 'Hitachi - High29', 'Inserte una descripción', 'H9000038L', 204.73, 1.56, 161, 21, 3),
(410, 'HP0000368', 'HP - Lite53', 'Inserte una descripción', 'C6000063K', 454.96, 2.71, 269, 21, 4),
(411, 'HIT0000196', 'Hitachi - Reno8', 'Inserte una descripción', 'C1000013M', 353.64, 3.53, 120, 21, 13),
(412, 'HIT0000252', 'Hitachi - Lite11', 'Inserte una descripción', 'B8000012L', 65.70, 3.95, 162, 21, 4),
(413, 'HIT0000282', 'Hitachi - Series X83', 'Inserte una descripción', 'E1000085G', 282.62, 3.28, 266, 21, 14),
(414, 'HIT0000288', 'Hitachi - High35', 'Inserte una descripción', 'E2000005E', 97.54, 1.88, 221, 21, 3),
(415, 'HIT0000312', 'Hitachi - Mega63', 'Inserte una descripción', 'A5009999E', 402.76, 1.19, 151, 21, 13),
(416, 'HIT0000323', 'Hitachi - Max70', 'Inserte una descripción', 'B5000082D', 302.67, 3.77, 99, 21, 14),
(417, 'HIT0000326', 'Hitachi - Reno9', 'Inserte una descripción', 'G5000037K', 66.87, 4.03, 214, 21, 3),
(418, 'LG0000968', 'LG - S45', 'Inserte una descripción', 'A5000031E', 359.97, 3.94, 293, 21, 15),
(419, 'HP0000376', 'HP - S98', 'Inserte una descripción', 'F9000096R', 139.68, 2.29, 165, 21, 13),
(420, 'LG0000978', 'LG - Series S98', 'Inserte una descripción', 'J2000030D', 411.82, 2.25, 296, 21, 15),
(421, 'ASU0000989', 'Asus - X8', 'Inserte una descripción', 'D2000034H', 462.11, 3.96, 257, 21, 4),
(422, 'LG0000981', 'LG - Series X93', 'Inserte una descripción', 'A6000071S', 87.81, 3.31, 257, 21, 3),
(423, 'ASU0001011', 'Asus - Series S63', 'Inserte una descripción', 'F1000036J', 119.44, 3.34, 271, 21, 15),
(424, 'HIT0000339', 'Hitachi - X90', 'Inserte una descripción', 'B5000042P', 169.54, 3.60, 101, 21, 4),
(425, 'ASU0001021', 'Asus - X11', 'Inserte una descripción', 'B8000022V', 127.39, 2.95, 288, 21, 15),
(426, 'HP0000390', 'HP - Max96', 'Inserte una descripción', 'B4000052Z', 410.41, 2.18, 240, 21, 4),
(427, 'DEL0000016', 'Dell - Series S77', 'Inserte una descripción', 'E1000025Y', 227.56, 1.94, 288, 21, 7),
(428, 'HP0000393', 'HP - Series S51', 'Inserte una descripción', 'F6000076X', 264.69, 3.92, 254, 21, 4),
(429, 'DEL0000023', 'Dell - Max64', 'Inserte una descripción', 'J2000050X', 367.05, 3.42, 297, 21, 14),
(430, 'HP0000405', 'HP - Lite43', 'Inserte una descripción', 'C1000083E', 93.54, 3.96, 147, 21, 13),
(431, 'HIT0000365', 'Hitachi - Reno99', 'Inserte una descripción', 'G4000017Q', 457.41, 4.25, 57, 21, 7),
(432, 'LG0000987', 'LG - Series X23', 'Inserte una descripción', 'F2000026Z', 155.13, 3.72, 200, 21, 5),
(433, 'HP0000411', 'HP - Max71', 'Inserte una descripción', 'G5000037K', 222.15, 1.88, 202, 21, 14),
(434, 'HP0000425', 'HP - S75', 'Inserte una descripción', 'A5000002E', 242.97, 3.20, 286, 21, 14),
(435, 'HIT0000370', 'Hitachi - Mega42', 'Inserte una descripción', 'G2000087I', 312.04, 3.44, 268, 21, 13),
(436, 'HIT0000373', 'Hitachi - Series X61', 'Inserte una descripción', 'G1000057E', 361.10, 3.17, 71, 21, 5),
(437, 'HP0000430', 'HP - Max87', 'Inserte una descripción', 'H3000008H', 429.08, 2.82, 291, 21, 3),
(438, 'HP0000448', 'HP - Reno55', 'Inserte una descripción', 'D3000064L', 382.88, 1.93, 75, 21, 15),
(439, 'HP0000461', 'HP - Series X23', 'Inserte una descripción', 'D2000034H', 355.02, 4.32, 51, 21, 15),
(440, 'HP0000468', 'HP - Series X8', 'Inserte una descripción', 'E1000025Y', 182.53, 2.69, 155, 21, 13),
(441, 'HIT0000380', 'Hitachi - Max59', 'Inserte una descripción', 'B1000062J', 211.57, 3.33, 76, 21, 5),
(442, 'DEL0000026', 'Dell - Reno9', 'Inserte una descripción', 'I3000029C', 74.95, 2.51, 129, 21, 13),
(443, 'DEL0000053', 'Dell - X34', 'Inserte una descripción', 'F6000076X', 469.70, 4.98, 79, 21, 3),
(444, 'DEL0000056', 'Dell - Reno58', 'Inserte una descripción', 'C3000033G', 38.79, 1.02, 236, 21, 3),
(445, 'DEL0000070', 'Dell - S21', 'Inserte una descripción', 'I8000059G', 188.74, 2.66, 195, 21, 5),
(446, 'HIT0000460', 'Hitachi - Reno2', 'Inserte una descripción', 'B7000002B', 22.94, 2.74, 267, 21, 4),
(447, 'HIT0000465', 'Hitachi - Lite23', 'Inserte una descripción', 'H2000028B', 321.87, 2.12, 197, 21, 5),
(448, 'HIT0000516', 'Hitachi - High77', 'Inserte una descripción', 'H8000098T', 275.99, 2.59, 237, 21, 14),
(449, 'LG0000995', 'LG - Reno44', 'Inserte una descripción', 'F4000016P', 342.22, 3.93, 259, 21, 3),
(450, 'HP0000489', 'HP - Series X25', 'Inserte una descripción', 'I6000049W', 183.86, 3.25, 107, 21, 14),
(451, 'HP0000495', 'HP - Max4', 'Inserte una descripción', 'J2000050X', 362.65, 2.52, 62, 21, 13),
(452, 'HIT0000521', 'Hitachi - Series X48', 'Inserte una descripción', 'G1000057E', 457.02, 4.31, 122, 21, 5),
(453, 'DEL0000164', 'Dell - Series S51', 'Inserte una descripción', 'D2000034H', 297.09, 2.46, 160, 21, 7),
(454, 'HIT0000567', 'Hitachi - Reno86', 'Inserte una descripción', 'J2000030D', 24.50, 3.57, 218, 21, 3),
(455, 'HIT0000574', 'Hitachi - Series S54', 'Inserte una descripción', 'D1000074V', 456.34, 3.01, 292, 21, 4),
(456, 'LG0000999', 'LG - X27', 'Inserte una descripción', 'H5000068P', 231.01, 3.25, 243, 21, 13),
(457, 'HIT0000635', 'Hitachi - Reno89', 'Inserte una descripción', 'I7000079A', 57.02, 2.08, 80, 21, 4),
(458, 'LG0001001', 'LG - Series S59', 'Inserte una descripción', 'G1000027A', 325.22, 1.36, 208, 21, 13),
(459, 'HIT0000652', 'Hitachi - Series S92', 'Inserte una descripción', 'D3000014N', 156.33, 3.44, 273, 21, 3),
(460, 'LG0001013', 'LG - Series S20', 'Inserte una descripción', 'A7000041O', 307.14, 4.62, 143, 21, 7),
(461, 'HIT0000653', 'Hitachi - X16', 'Inserte una descripción', 'B9000032F', 317.20, 2.70, 97, 21, 3),
(462, 'MIC0000004', 'Microsoft - Series X11', 'Inserte una descripción', 'H2000058F', 400.71, 4.69, 229, 21, 14),
(463, 'DEL0000184', 'Dell - Mega52', 'Inserte una descripción', 'E8000075W', 117.03, 3.80, 254, 21, 7),
(464, 'MIC0000041', 'Microsoft - Max30', 'Inserte una descripción', 'H2000028B', 176.33, 2.57, 201, 21, 13),
(465, 'MIC0000048', 'Microsoft - High15', 'Inserte una descripción', 'F2000026Z', 424.88, 4.70, 74, 21, 15),
(466, 'MIC0000085', 'Microsoft - S1', 'Inserte una descripción', 'C6000063K', 162.87, 2.25, 233, 21, 14),
(467, 'DEL0000208', 'Dell - S64', 'Inserte una descripción', 'B8000012L', 254.90, 4.08, 185, 21, 15),
(468, 'MIC0000127', 'Microsoft - High2', 'Inserte una descripción', 'E7000045S', 116.66, 3.54, 239, 21, 14),
(469, 'DEL0000215', 'Dell - Series S4', 'Inserte una descripción', 'I8000069Q', 227.74, 4.46, 53, 21, 13),
(470, 'MIC0000128', 'Microsoft - Series X3', 'Inserte una descripción', 'I3000029C', 125.73, 1.05, 201, 21, 14),
(471, 'HP0000518', 'HP - S41', 'Inserte una descripción', 'A8000021U', 212.67, 4.77, 100, 21, 3),
(472, 'MIC0000155', 'Microsoft - Mega95', 'Inserte una descripción', 'J8000010J', 213.06, 4.13, 260, 21, 14),
(473, 'HP0000588', 'HP - S50', 'Inserte una descripción', 'H9000018R', 482.84, 4.92, 206, 21, 7),
(474, 'MSI0000270', 'MSI - S95', 'Inserte una descripción', 'E1000085G', 142.31, 1.71, 240, 21, 7),
(475, 'MIC0000162', 'Microsoft - Series X70', 'Inserte una descripción', 'C1000083E', 17.50, 3.13, 248, 21, 3),
(476, 'DEL0000240', 'Dell - Series X99', 'Inserte una descripción', 'C4000043Q', 187.10, 4.11, 204, 21, 7),
(477, 'HP0000589', 'HP - S38', 'Inserte una descripción', 'G2000087I', 277.05, 1.53, 233, 21, 3),
(478, 'MSI0000294', 'MSI - Reno73', 'Inserte una descripción', 'E6000015O', 8.66, 4.14, 89, 21, 5),
(479, 'MIC0000165', 'Microsoft - Mega97', 'Inserte una descripción', 'E1000025Y', 298.13, 1.26, 271, 21, 13),
(480, 'HP0000615', 'HP - Series X61', 'Inserte una descripción', 'F4000016P', 166.48, 1.84, 273, 21, 7),
(481, 'MIC0000197', 'Microsoft - Max19', 'Inserte una descripción', 'A8000011K', 382.93, 1.88, 288, 21, 14),
(482, 'HP0000620', 'HP - S18', 'Inserte una descripción', 'I1000009I', 301.77, 3.30, 127, 21, 14),
(483, 'MIC0000241', 'Microsoft - Reno93', 'Inserte una descripción', 'A5000003E', 187.62, 4.45, 149, 21, 7),
(484, 'DEL0000265', 'Dell - Mega73', 'Inserte una descripción', 'J7000070R', 445.25, 3.93, 80, 21, 3),
(485, 'MSI0000309', 'MSI - Series X49', 'Inserte una descripción', 'H3000008H', 348.76, 4.35, 98, 21, 15),
(486, 'DEL0000271', 'Dell - Series S5', 'Inserte una descripción', 'H2000088J', 305.92, 4.79, 99, 21, 3),
(487, 'MSI0000344', 'MSI - Series X32', 'Inserte una descripción', 'H2000058F', 406.51, 1.48, 110, 21, 3),
(488, 'DEL0000272', 'Dell - Max7', 'Inserte una descripción', 'F3000086H', 379.19, 1.58, 282, 21, 3),
(489, 'MSI0000348', 'MSI - Series S59', 'Inserte una descripción', 'I2000089K', 152.90, 3.07, 209, 21, 3);
INSERT INTO `producto` (`id_producto`, `codigo`, `nombre`, `descripcion`, `proveedor`, `coste`, `margen`, `stock`, `iva`, `id_categoria`) VALUES
(490, 'DEL0000285', 'Dell - Series S70', 'Inserte una descripción', 'E6000015O', 225.34, 3.98, 75, 21, 14),
(491, 'HP0000696', 'HP - X38', 'Inserte una descripción', 'F9000006F', 111.22, 2.21, 245, 21, 5),
(492, 'DEL0000300', 'Dell - Max86', 'Inserte una descripción', 'D1000044R', 255.87, 1.44, 258, 21, 3),
(493, 'MSI0000354', 'MSI - Reno96', 'Inserte una descripción', 'G5000007G', 16.64, 1.01, 267, 21, 4),
(494, 'DEL0000314', 'Dell - Reno48', 'Inserte una descripción', 'H7000078Z', 178.59, 1.62, 209, 21, 4),
(495, 'MSI0000421', 'MSI - X15', 'Inserte una descripción', 'H7000078Z', 111.12, 4.57, 99, 21, 7),
(496, 'DEL0000319', 'Dell - Reno27', 'Inserte una descripción', 'H3000008H', 461.33, 3.80, 75, 21, 13),
(497, 'MSI0000428', 'MSI - High46', 'Inserte una descripción', 'I2000089K', 300.49, 3.75, 143, 21, 7),
(498, 'HP0000706', 'HP - Max48', 'Inserte una descripción', 'E5000065M', 127.37, 1.22, 191, 21, 15),
(499, 'DEL0000322', 'Dell - X95', 'Inserte una descripción', 'C2000003C', 303.01, 2.66, 103, 21, 4),
(500, 'MIC0000244', 'Microsoft - High62', 'Inserte una descripción', 'D7000084F', 374.40, 4.66, 237, 21, 7),
(501, 'MSI0000449', 'MSI - Reno86', 'Inserte una descripción', 'I3000039M', 113.27, 1.12, 215, 21, 15),
(502, 'HP0000717', 'HP - Mega81', 'Inserte una descripción', 'B1000062J', 462.01, 1.38, 243, 21, 15),
(503, 'DEL0000338', 'Dell - High9', 'Inserte una descripción', 'C2000003C', 477.27, 2.38, 128, 21, 7),
(504, 'MIC0000258', 'Microsoft - Series X56', 'Inserte una descripción', 'F2000026Z', 201.08, 3.44, 153, 21, 15),
(505, 'HP0000721', 'HP - High11', 'Inserte una descripción', 'I8000069Q', 224.89, 2.30, 194, 21, 14),
(506, 'DEL0000355', 'Dell - High10', 'Inserte una descripción', 'F9000006F', 116.11, 2.40, 93, 21, 13),
(507, 'MSI0000453', 'MSI - X34', 'Inserte una descripción', 'F9000006F', 409.78, 3.54, 97, 21, 7),
(508, 'HP0000752', 'HP - Lite99', 'Inserte una descripción', 'E8000075W', 147.85, 3.35, 157, 21, 7),
(509, 'DEL0000383', 'Dell - Max54', 'Inserte una descripción', 'I8000059G', 70.66, 4.11, 249, 21, 3),
(510, 'MSI0000455', 'MSI - Reno51', 'Inserte una descripción', 'F3000086H', 348.39, 2.31, 136, 21, 7),
(511, 'HP0000754', 'HP - High56', 'Inserte una descripción', 'I3000039M', 319.18, 2.89, 199, 21, 13),
(512, 'MSI0000467', 'MSI - Series S42', 'Inserte una descripción', 'F6000076X', 374.40, 4.09, 148, 21, 5),
(513, 'MIC0000264', 'Microsoft - Reno97', 'Inserte una descripción', 'H3000048V', 59.96, 2.50, 217, 21, 7),
(514, 'HP0000758', 'HP - S32', 'Inserte una descripción', 'C9000093O', 150.91, 1.90, 177, 21, 7),
(515, 'MSI0000475', 'MSI - X55', 'Inserte una descripción', 'B5000082D', 448.25, 2.98, 144, 21, 14),
(516, 'HP0000767', 'HP - Series X68', 'Inserte una descripción', 'B7000002B', 196.76, 3.09, 298, 21, 3),
(517, 'MSI0000487', 'MSI - High40', 'Inserte una descripción', 'I8000059G', 445.15, 3.84, 294, 21, 14),
(518, 'HP0000826', 'HP - S71', 'Inserte una descripción', 'H2000028B', 320.21, 2.75, 53, 21, 4),
(519, 'MSI0000522', 'MSI - Series X92', 'Inserte una descripción', 'D1000074V', 405.73, 4.15, 240, 21, 13),
(520, 'MIC0000280', 'Microsoft - Max79', 'Inserte una descripción', 'A8000051Y', 374.62, 1.61, 135, 21, 7),
(521, 'HP0000828', 'HP - X29', 'Inserte una descripción', 'J8000010J', 82.13, 4.40, 278, 21, 5),
(522, 'MIC0000333', 'Microsoft - Series S29', 'Inserte una descripción', 'E1000085G', 55.19, 1.14, 64, 21, 14),
(523, 'MSI0000555', 'MSI - High46', 'Inserte una descripción', 'E7000045S', 57.56, 2.36, 191, 21, 4),
(524, 'HP0000829', 'HP - High86', 'Inserte una descripción', 'E5000095Q', 350.61, 3.88, 65, 21, 7),
(525, 'MIC0000361', 'Microsoft - Max37', 'Inserte una descripción', 'E1000085G', 260.12, 2.18, 287, 21, 3),
(526, 'MSI0000609', 'MSI - High69', 'Inserte una descripción', 'F2000026Z', 221.13, 2.58, 116, 21, 3),
(527, 'HP0000848', 'HP - Mega53', 'Inserte una descripción', 'J2000030D', 325.57, 3.23, 124, 21, 3),
(528, 'MIC0000386', 'Microsoft - High99', 'Inserte una descripción', 'C2000003C', 224.57, 4.30, 256, 21, 4),
(529, 'MSI0000622', 'MSI - Mega91', 'Inserte una descripción', 'I8000069Q', 189.52, 3.84, 71, 21, 13),
(530, 'MIC0000408', 'Microsoft - Series X66', 'Inserte una descripción', 'I2000089K', 18.80, 1.08, 297, 21, 4),
(531, 'MSI0000643', 'MSI - High79', 'Inserte una descripción', 'C9000093O', 123.66, 1.80, 232, 21, 4),
(532, 'MIC0000429', 'Microsoft - Lite5', 'Inserte una descripción', 'H2000088J', 454.03, 3.90, 277, 21, 15),
(533, 'MSI0000656', 'MSI - Max21', 'Inserte una descripción', 'D1000044R', 336.00, 4.60, 72, 21, 14),
(534, 'MIC0000432', 'Microsoft - Mega77', 'Inserte una descripción', 'E1000025Y', 454.42, 3.43, 90, 21, 14),
(535, 'HP0000853', 'HP - Reno30', 'Inserte una descripción', 'B5000042P', 304.43, 2.47, 95, 21, 5),
(536, 'MIC0000441', 'Microsoft - Reno77', 'Inserte una descripción', 'I3000039M', 165.86, 3.04, 271, 21, 3),
(537, 'HP0000854', 'HP - X74', 'Inserte una descripción', 'J8000010J', 400.06, 2.90, 274, 21, 13),
(538, 'MIC0000504', 'Microsoft - Series S63', 'Inserte una descripción', 'A8000011K', 282.62, 2.97, 153, 21, 7),
(539, 'MIC0000512', 'Microsoft - Max94', 'Inserte una descripción', 'A8000021U', 76.00, 3.10, 298, 21, 7),
(540, 'MIC0000514', 'Microsoft - Lite6', 'Inserte una descripción', 'G4000017Q', 111.51, 3.25, 195, 21, 15),
(541, 'MIC0000526', 'Microsoft - Series X48', 'Inserte una descripción', 'H3000048V', 258.72, 2.87, 67, 21, 14),
(542, 'HP0000884', 'HP - X98', 'Inserte una descripción', 'H2000088J', 239.34, 3.99, 234, 21, 5),
(543, 'MIC0000528', 'Microsoft - Series S7', 'Inserte una descripción', 'I6000049W', 277.18, 2.30, 196, 21, 5),
(544, 'HP0000957', 'HP - Reno65', 'Inserte una descripción', 'E7000045S', 28.95, 4.76, 69, 21, 15),
(545, 'MSI0000658', 'MSI - Series X97', 'Inserte una descripción', 'I3000019S', 90.02, 4.30, 186, 21, 13),
(546, 'MSI0000661', 'MSI - Max86', 'Inserte una descripción', 'I7000079A', 401.43, 2.29, 156, 21, 3),
(547, 'MIC0000530', 'Microsoft - Reno54', 'Inserte una descripción', 'B4000052Z', 204.96, 4.90, 274, 21, 3),
(548, 'HP0000993', 'HP - High91', 'Inserte una descripción', 'D3000024X', 252.95, 2.47, 132, 21, 3),
(549, 'MSI0000690', 'MSI - Mega75', 'Inserte una descripción', 'F9000056D', 327.13, 4.79, 125, 21, 5),
(550, 'MIC0000536', 'Microsoft - X40', 'Inserte una descripción', 'J2000080B', 453.61, 4.38, 160, 21, 7),
(551, 'HP0001022', 'HP - Lite15', 'Inserte una descripción', 'I3000039M', 117.51, 2.14, 292, 21, 13),
(552, 'MSI0000692', 'MSI - Reno74', 'Inserte una descripción', 'A8000021U', 495.56, 2.43, 166, 21, 15),
(553, 'OPP0000494', 'Oppo - Max10', 'Inserte una descripción', 'F3000086H', 293.28, 3.13, 155, 21, 3),
(554, 'MSI0000695', 'MSI - High24', 'Inserte una descripción', 'J2000050X', 181.48, 3.13, 232, 21, 7),
(555, 'OPP0000519', 'Oppo - Max99', 'Inserte una descripción', 'D1000044R', 98.81, 4.68, 202, 21, 15),
(556, 'MSI0000700', 'MSI - Reno41', 'Inserte una descripción', 'A5000003E', 224.20, 2.62, 291, 21, 13),
(557, 'MIC0000550', 'Microsoft - Mega20', 'Inserte una descripción', 'D1000044R', 232.08, 2.24, 174, 21, 13),
(558, 'OPP0000523', 'Oppo - Series S29', 'Inserte una descripción', 'C2000003C', 235.94, 1.69, 117, 21, 13),
(559, 'IBM0000008', 'IBM - Lite70', 'Inserte una descripción', 'A5000003E', 354.20, 3.58, 156, 21, 3),
(560, 'MSI0000704', 'MSI - Lite35', 'Inserte una descripción', 'H3000048V', 470.52, 2.74, 219, 21, 15),
(561, 'IBM0000013', 'IBM - High32', 'Inserte una descripción', 'A6000071S', 169.29, 3.72, 67, 21, 7),
(562, 'MSI0000726', 'MSI - Reno1', 'Inserte una descripción', 'F4000016P', 141.15, 4.54, 98, 21, 7),
(563, 'IBM0000019', 'IBM - Series X90', 'Inserte una descripción', 'H2000058F', 433.75, 2.59, 255, 21, 15),
(564, 'MSI0000817', 'MSI - High87', 'Inserte una descripción', 'H9000038L', 434.25, 2.64, 145, 21, 4),
(565, 'IBM0000027', 'IBM - Series X55', 'Inserte una descripción', 'F9000006F', 109.72, 3.83, 209, 21, 13),
(566, 'MSI0000825', 'MSI - High69', 'Inserte una descripción', 'C1000083E', 468.47, 1.41, 138, 21, 5),
(567, 'OPP0000524', 'Oppo - Mega79', 'Inserte una descripción', 'B5000042P', 314.62, 3.05, 243, 21, 4),
(568, 'IBM0000095', 'IBM - S69', 'Inserte una descripción', 'D1000074V', 38.00, 2.49, 127, 21, 4),
(569, 'MIC0000556', 'Microsoft - S69', 'Inserte una descripción', 'E1000055C', 392.96, 2.08, 212, 21, 15),
(570, 'MSI0000827', 'MSI - Lite51', 'Inserte una descripción', 'G5000007G', 250.65, 2.02, 285, 21, 5),
(571, 'IBM0000098', 'IBM - High5', 'Inserte una descripción', 'J7000020T', 371.47, 3.88, 230, 21, 5),
(572, 'MIC0000566', 'Microsoft - Lite50', 'Inserte una descripción', 'J3000090L', 120.52, 3.40, 267, 21, 14),
(573, 'MSI0000850', 'MSI - High92', 'Inserte una descripción', 'E1000035I', 374.16, 4.75, 277, 21, 14),
(574, 'IBM0000100', 'IBM - High49', 'Inserte una descripción', 'A6000081C', 60.01, 2.40, 76, 21, 5),
(575, 'MIC0000575', 'Microsoft - Lite57', 'Inserte una descripción', 'H3000048V', 113.41, 4.86, 206, 21, 15),
(576, 'MSI0000902', 'MSI - Series S63', 'Inserte una descripción', 'E6000015O', 411.28, 2.14, 114, 21, 15),
(577, 'IBM0000103', 'IBM - Reno28', 'Inserte una descripción', 'I4000099U', 210.99, 3.74, 108, 21, 7),
(578, 'MSI0000903', 'MSI - Series S11', 'Inserte una descripción', 'D3000064L', 241.88, 4.96, 299, 21, 4),
(579, 'IBM0000105', 'IBM - Mega8', 'Inserte una descripción', 'B5000082D', 374.73, 2.46, 276, 21, 14),
(580, 'MSI0000928', 'MSI - X67', 'Inserte una descripción', 'F6000076X', 424.18, 2.04, 170, 21, 13),
(581, 'IBM0000112', 'IBM - Max76', 'Inserte una descripción', 'B1000062J', 51.09, 2.10, 102, 21, 15),
(582, 'MIC0000594', 'Microsoft - Series X4', 'Inserte una descripción', 'J7000070R', 56.08, 2.83, 120, 21, 13),
(583, 'MSI0000929', 'MSI - Mega48', 'Inserte una descripción', 'E5000065M', 129.63, 1.06, 95, 21, 4),
(584, 'IBM0000170', 'IBM - Reno1', 'Inserte una descripción', 'H9000018R', 231.21, 3.78, 91, 21, 13),
(585, 'MIC0000628', 'Microsoft - Max77', 'Inserte una descripción', 'F9000096R', 34.91, 2.05, 144, 21, 14),
(586, 'MSI0000930', 'MSI - Lite96', 'Inserte una descripción', 'F9000056D', 341.42, 2.92, 112, 21, 4),
(587, 'IBM0000211', 'IBM - Lite77', 'Inserte una descripción', 'I1000009I', 245.26, 3.96, 110, 21, 4),
(588, 'MIC0000681', 'Microsoft - Reno51', 'Inserte una descripción', 'H9000018R', 137.54, 2.54, 161, 21, 14),
(589, 'MSI0000938', 'MSI - Mega97', 'Inserte una descripción', 'J8000010J', 229.35, 4.98, 181, 21, 15),
(590, 'IBM0000224', 'IBM - Series S4', 'Inserte una descripción', 'H9000018R', 417.03, 1.29, 170, 21, 14),
(591, 'MIC0000682', 'Microsoft - Lite98', 'Inserte una descripción', 'J2000050X', 116.08, 4.79, 222, 21, 13),
(592, 'MSI0000976', 'MSI - High28', 'Inserte una descripción', 'D7000084F', 360.86, 1.35, 152, 21, 13),
(593, 'MIC0000683', 'Microsoft - Reno55', 'Inserte una descripción', 'G1000057E', 359.70, 4.14, 179, 21, 15),
(594, 'MSI0000988', 'MSI - Reno45', 'Inserte una descripción', 'J8000010J', 305.18, 3.85, 275, 21, 5),
(595, 'MIC0000684', 'Microsoft - Lite36', 'Inserte una descripción', 'A6000081C', 235.59, 1.57, 215, 21, 15),
(596, 'MSI0000990', 'MSI - X70', 'Inserte una descripción', 'A6000061I', 349.73, 4.09, 209, 21, 3),
(597, 'MIC0000702', 'Microsoft - Mega91', 'Inserte una descripción', 'I8000069Q', 205.06, 4.61, 96, 21, 4),
(598, 'IBM0000227', 'IBM - Mega40', 'Inserte una descripción', 'D3000064L', 56.35, 3.87, 265, 21, 3),
(599, 'MSI0000998', 'MSI - Series S31', 'Inserte una descripción', 'A5009999E', 362.26, 2.04, 89, 21, 15),
(600, 'MIC0000703', 'Microsoft - High59', 'Inserte una descripción', 'H2000088J', 227.85, 3.45, 173, 21, 15),
(601, 'OPP0000543', 'Oppo - Series X9', 'Inserte una descripción', 'D3000024X', 8.38, 1.74, 143, 21, 5),
(602, 'MSI0001007', 'MSI - Reno28', 'Inserte una descripción', 'D3000064L', 56.41, 3.93, 97, 21, 13),
(603, 'MIC0000709', 'Microsoft - Lite1', 'Inserte una descripción', 'E1000025Y', 352.70, 1.14, 283, 21, 13),
(604, 'OPP0000551', 'Oppo - High15', 'Inserte una descripción', 'H3000008H', 468.60, 2.77, 133, 21, 14),
(605, 'MSI0001025', 'MSI - Series S85', 'Inserte una descripción', 'J3000090L', 449.45, 2.48, 148, 21, 3),
(606, 'MIC0000727', 'Microsoft - Series S44', 'Inserte una descripción', 'B7000002B', 197.60, 3.59, 270, 21, 5),
(607, 'IBM0000278', 'IBM - Series X54', 'Inserte una descripción', 'C6000063K', 426.31, 1.97, 254, 21, 3),
(608, 'OPP0000552', 'Oppo - Max11', 'Inserte una descripción', 'C1000013M', 41.06, 2.98, 265, 21, 3),
(609, 'OPP0000553', 'Oppo - Series S85', 'Inserte una descripción', 'D3000094P', 36.74, 2.76, 171, 21, 4),
(610, 'OPP0000580', 'Oppo - Lite75', 'Inserte una descripción', 'I3000039M', 112.59, 1.68, 77, 21, 3),
(611, 'OPP0000598', 'Oppo - Series S48', 'Inserte una descripción', 'J7000020T', 241.62, 1.06, 282, 21, 5),
(612, 'OPP0000601', 'Oppo - Mega68', 'Inserte una descripción', 'F2000026Z', 167.47, 3.16, 208, 21, 4),
(613, 'OPP0000608', 'Oppo - X89', 'Inserte una descripción', 'F1000036J', 453.41, 1.55, 209, 21, 14),
(614, 'OPP0000640', 'Oppo - High53', 'Inserte una descripción', 'I8000059G', 333.52, 4.96, 152, 21, 7),
(615, 'MIC0000730', 'Microsoft - X22', 'Inserte una descripción', 'H2000028B', 388.17, 3.08, 271, 21, 4),
(616, 'OPP0000648', 'Oppo - Lite93', 'Inserte una descripción', 'C2000003C', 382.23, 3.31, 167, 21, 13),
(617, 'MIC0000738', 'Microsoft - Lite56', 'Inserte una descripción', 'A5000003E', 248.91, 2.30, 111, 21, 7),
(618, 'OPP0000669', 'Oppo - Max19', 'Inserte una descripción', 'G1000027A', 424.84, 3.27, 214, 21, 15),
(619, 'IBM0000306', 'IBM - Series X24', 'Inserte una descripción', 'A8000011K', 167.90, 3.62, 242, 21, 13),
(620, 'MIC0000763', 'Microsoft - Max53', 'Inserte una descripción', 'D3000024X', 113.79, 2.05, 263, 21, 4),
(621, 'OPP0000691', 'Oppo - Reno68', 'Inserte una descripción', 'B5000082D', 418.84, 1.42, 105, 21, 4),
(622, 'OPP0000697', 'Oppo - Series X12', 'Inserte una descripción', 'F2000066N', 330.56, 3.56, 85, 21, 13),
(623, 'OPP0000698', 'Oppo - Series S4', 'Inserte una descripción', 'F9000096R', 423.12, 2.93, 115, 21, 3),
(624, 'IBM0000311', 'IBM - Mega54', 'Inserte una descripción', 'F3000086H', 97.39, 1.10, 97, 21, 13),
(625, 'OPP0000759', 'Oppo - Series X88', 'Inserte una descripción', 'E1000035I', 413.27, 3.60, 271, 21, 14),
(626, 'IBM0000328', 'IBM - Max48', 'Inserte una descripción', 'G4000017Q', 452.35, 3.43, 189, 21, 14),
(627, 'OPP0000774', 'Oppo - Mega81', 'Inserte una descripción', 'B5000042P', 26.17, 3.05, 277, 21, 13),
(628, 'MIC0000776', 'Microsoft - S40', 'Inserte una descripción', 'J2000030D', 296.88, 4.27, 161, 21, 4),
(629, 'IBM0000330', 'IBM - Series X64', 'Inserte una descripción', 'B3000092N', 406.11, 4.28, 153, 21, 15),
(630, 'OPP0000796', 'Oppo - Lite98', 'Inserte una descripción', 'J2000050X', 452.77, 2.68, 292, 21, 5),
(631, 'MIC0000778', 'Microsoft - Series X53', 'Inserte una descripción', 'C6000073U', 467.70, 2.71, 73, 21, 14),
(632, 'IBM0000352', 'IBM - X79', 'Inserte una descripción', 'A8000051Y', 439.05, 3.41, 260, 21, 13),
(633, 'IBM0000357', 'IBM - High77', 'Inserte una descripción', 'B4000052Z', 203.91, 3.35, 131, 21, 7),
(634, 'IBM0000364', 'IBM - X22', 'Inserte una descripción', 'I3000039M', 373.00, 3.98, 119, 21, 7),
(635, 'IBM0000423', 'IBM - X68', 'Inserte una descripción', 'G9000047U', 418.89, 2.52, 208, 21, 14),
(636, 'IBM0000450', 'IBM - High26', 'Inserte una descripción', 'E5000065M', 63.91, 2.03, 221, 21, 13),
(637, 'IBM0000458', 'IBM - Mega84', 'Inserte una descripción', 'H7000078Z', 167.41, 3.97, 176, 21, 14),
(638, 'NIN0000009', 'Nintendo - X28', 'Inserte una descripción', 'A5009999E', 275.02, 3.69, 62, 21, 4),
(639, 'IBM0000485', 'IBM - X93', 'Inserte una descripción', 'G3000097S', 56.61, 4.14, 52, 21, 4),
(640, 'NIN0000012', 'Nintendo - Reno52', 'Inserte una descripción', 'I3000029C', 210.39, 2.90, 132, 21, 13),
(641, 'IBM0000488', 'IBM - Mega80', 'Inserte una descripción', 'H7000078Z', 334.89, 3.04, 267, 21, 5),
(642, 'IBM0000493', 'IBM - X1', 'Inserte una descripción', 'B8000012L', 160.54, 3.56, 105, 21, 15),
(643, 'NIN0000022', 'Nintendo - Series S67', 'Inserte una descripción', 'E2000005E', 194.33, 2.94, 278, 21, 3),
(644, 'IBM0000538', 'IBM - Reno50', 'Inserte una descripción', 'A6000071S', 230.19, 2.28, 72, 21, 4),
(645, 'NIN0000024', 'Nintendo - Reno6', 'Inserte una descripción', 'E1000085G', 125.71, 2.75, 133, 21, 5),
(646, 'IBM0000542', 'IBM - Reno93', 'Inserte una descripción', 'D3000024X', 344.84, 3.36, 138, 21, 15),
(647, 'NIN0000033', 'Nintendo - Lite86', 'Inserte una descripción', 'I2000089K', 331.61, 4.79, 104, 21, 14),
(648, 'NIN0000036', 'Nintendo - High31', 'Inserte una descripción', 'A8000051Y', 229.15, 3.36, 224, 21, 3),
(649, 'NIN0000058', 'Nintendo - Mega71', 'Inserte una descripción', 'A6000061I', 232.36, 3.71, 213, 21, 15),
(650, 'NIN0000063', 'Nintendo - Max83', 'Inserte una descripción', 'I8000069Q', 179.50, 2.37, 172, 21, 5),
(651, 'OPP0000798', 'Oppo - S44', 'Inserte una descripción', 'G1000027A', 87.10, 3.48, 185, 21, 14),
(652, 'NIN0000072', 'Nintendo - Lite48', 'Inserte una descripción', 'H7000078Z', 44.35, 4.63, 283, 21, 4),
(653, 'OPP0000804', 'Oppo - Max80', 'Inserte una descripción', 'C6000073U', 162.10, 2.06, 155, 21, 5),
(654, 'NIN0000116', 'Nintendo - Max37', 'Inserte una descripción', 'H9000038L', 234.13, 4.77, 257, 21, 15),
(655, 'OPP0000813', 'Oppo - X89', 'Inserte una descripción', 'F3000086H', 238.02, 2.92, 169, 21, 15),
(656, 'NIN0000136', 'Nintendo - Reno44', 'Inserte una descripción', 'G4000017Q', 283.48, 2.06, 219, 21, 4),
(657, 'OPP0000818', 'Oppo - High13', 'Inserte una descripción', 'A5000031E', 302.54, 4.95, 60, 21, 7),
(658, 'NIN0000143', 'Nintendo - Reno38', 'Inserte una descripción', 'F9000096R', 325.89, 2.27, 165, 21, 7),
(659, 'OPP0000842', 'Oppo - High99', 'Inserte una descripción', 'D3000064L', 125.11, 1.73, 222, 21, 5),
(660, 'NIN0000160', 'Nintendo - X57', 'Inserte una descripción', 'H7000078Z', 494.70, 2.67, 60, 21, 15),
(661, 'OPP0000876', 'Oppo - S28', 'Inserte una descripción', 'B6000072T', 155.32, 2.41, 286, 21, 4),
(662, 'NIN0000173', 'Nintendo - Series S72', 'Inserte una descripción', 'D3000094P', 160.25, 1.27, 103, 21, 5),
(663, 'OPP0000900', 'Oppo - S79', 'Inserte una descripción', 'C1000083E', 59.10, 1.27, 176, 21, 13),
(664, 'NIN0000182', 'Nintendo - Series S86', 'Inserte una descripción', 'E1000085G', 270.60, 4.21, 171, 21, 7),
(665, 'IBM0000547', 'IBM - Reno54', 'Inserte una descripción', 'A5000002E', 83.29, 4.36, 168, 21, 15),
(666, 'OPP0000932', 'Oppo - Reno85', 'Inserte una descripción', 'F9000096R', 491.06, 3.48, 243, 21, 3),
(667, 'NIN0000186', 'Nintendo - S87', 'Inserte una descripción', 'A5000003E', 156.25, 4.60, 189, 21, 5),
(668, 'IBM0000569', 'IBM - S67', 'Inserte una descripción', 'G5000007G', 225.96, 3.72, 161, 21, 15),
(669, 'OPP0000936', 'Oppo - Reno87', 'Inserte una descripción', 'F2000026Z', 165.23, 4.73, 107, 21, 7),
(670, 'MIC0000779', 'Microsoft - High10', 'Inserte una descripción', 'J3000090L', 32.43, 3.02, 141, 21, 13),
(671, 'OPP0000940', 'Oppo - Series X79', 'Inserte una descripción', 'A5009999E', 94.96, 4.63, 137, 21, 15),
(672, 'MIC0000784', 'Microsoft - Lite16', 'Inserte una descripción', 'B1000062J', 294.84, 2.13, 216, 21, 5),
(673, 'OPP0000946', 'Oppo - High24', 'Inserte una descripción', 'F6000076X', 236.28, 2.48, 225, 21, 13),
(674, 'MIC0000843', 'Microsoft - Series X34', 'Inserte una descripción', 'D1000044R', 485.13, 3.28, 247, 21, 5),
(675, 'OPP0000961', 'Oppo - S88', 'Inserte una descripción', 'D1000044R', 400.60, 1.55, 149, 21, 7),
(676, 'OPP0000983', 'Oppo - X60', 'Inserte una descripción', 'C6000073U', 180.94, 4.07, 221, 21, 4),
(677, 'SAM0000001', 'Samsung - Series S50', 'Inserte una descripción', 'E1000085G', 225.55, 2.53, 289, 21, 13),
(678, 'MIC0000846', 'Microsoft - X12', 'Inserte una descripción', 'E6000015O', 214.03, 4.30, 221, 21, 13),
(679, 'SAM0000047', 'Samsung - S68', 'Inserte una descripción', 'G3000067O', 378.99, 3.37, 96, 21, 13),
(680, 'MIC0000860', 'Microsoft - Lite66', 'Inserte una descripción', 'H8000098T', 243.42, 3.20, 194, 21, 4),
(681, 'SAM0000059', 'Samsung - Series X7', 'Inserte una descripción', 'J7000070R', 289.89, 3.36, 77, 21, 15),
(682, 'MIC0000887', 'Microsoft - Lite18', 'Inserte una descripción', 'I7000079A', 51.76, 3.19, 277, 21, 4),
(683, 'SAM0000073', 'Samsung - Mega19', 'Inserte una descripción', 'J2000030D', 19.11, 2.47, 84, 21, 13),
(684, 'MIC0000893', 'Microsoft - Reno92', 'Inserte una descripción', 'I8000069Q', 217.67, 2.79, 89, 21, 7),
(685, 'SAM0000087', 'Samsung - High52', 'Inserte una descripción', 'H2000058F', 55.04, 3.81, 142, 21, 15),
(686, 'MIC0000899', 'Microsoft - High52', 'Inserte una descripción', 'B5000042P', 176.93, 4.31, 198, 21, 14),
(687, 'SAM0000109', 'Samsung - Max9', 'Inserte una descripción', 'J2000030D', 227.93, 1.21, 213, 21, 14),
(688, 'MIC0000927', 'Microsoft - Mega10', 'Inserte una descripción', 'C6000073U', 379.77, 3.90, 137, 21, 13),
(689, 'SAM0000120', 'Samsung - High48', 'Inserte una descripción', 'F6000076X', 464.26, 2.69, 267, 21, 15),
(690, 'MIC0000935', 'Microsoft - High83', 'Inserte una descripción', 'H3000008H', 365.20, 2.29, 215, 21, 14),
(691, 'SAM0000123', 'Samsung - X4', 'Inserte una descripción', 'C6000063K', 365.66, 4.22, 96, 21, 5),
(692, 'MIC0000956', 'Microsoft - High33', 'Inserte una descripción', 'B6000072T', 243.86, 2.45, 100, 21, 7),
(693, 'SAM0000126', 'Samsung - Mega45', 'Inserte una descripción', 'G1000027A', 87.15, 1.11, 128, 21, 4),
(694, 'SAM0000158', 'Samsung - X66', 'Inserte una descripción', 'C1000013M', 157.07, 4.05, 170, 21, 14),
(695, 'SAM0000161', 'Samsung - Max4', 'Inserte una descripción', 'C3000033G', 194.05, 3.11, 145, 21, 7),
(696, 'SAM0000163', 'Samsung - Lite72', 'Inserte una descripción', 'I4000099U', 281.38, 4.56, 87, 21, 4),
(697, 'SAM0000169', 'Samsung - High24', 'Inserte una descripción', 'I1000009I', 24.70, 3.82, 71, 21, 14),
(698, 'SAM0000190', 'Samsung - X86', 'Inserte una descripción', 'A6000061I', 277.01, 3.59, 297, 21, 14),
(699, 'MIC0000991', 'Microsoft - Max21', 'Inserte una descripción', 'A8000021U', 322.67, 2.99, 208, 21, 15),
(700, 'SAM0000191', 'Samsung - Lite27', 'Inserte una descripción', 'F9000046T', 177.94, 4.92, 195, 21, 5),
(701, 'MIC0001017', 'Microsoft - Series X74', 'Inserte una descripción', 'H9000038L', 56.94, 3.75, 242, 21, 13),
(702, 'SAM0000199', 'Samsung - X14', 'Inserte una descripción', 'E8000075W', 214.78, 1.14, 96, 21, 13),
(703, 'MIC0001024', 'Microsoft - S1', 'Inserte una descripción', 'F9000006F', 291.95, 3.48, 271, 21, 5),
(704, 'SAM0000202', 'Samsung - Max78', 'Inserte una descripción', 'E6000015O', 187.38, 2.49, 155, 21, 3),
(705, 'SAM0000210', 'Samsung - Reno60', 'Inserte una descripción', 'B7000002B', 139.30, 1.03, 57, 21, 3),
(706, 'SAM0000218', 'Samsung - Reno67', 'Inserte una descripción', 'E1000025Y', 476.28, 3.29, 99, 21, 3),
(707, 'MSI0000025', 'MSI - Lite44', 'Inserte una descripción', 'A8000091M', 82.58, 1.47, 203, 21, 7),
(708, 'SAM0000219', 'Samsung - X16', 'Inserte una descripción', 'A8000011K', 496.61, 4.20, 258, 21, 13),
(709, 'MSI0000043', 'MSI - Max61', 'Inserte una descripción', 'J7000020T', 50.60, 4.58, 201, 21, 3),
(710, 'SAM0000220', 'Samsung - High9', 'Inserte una descripción', 'D9000004D', 477.17, 1.26, 197, 21, 4),
(711, 'MSI0000061', 'MSI - High14', 'Inserte una descripción', 'J7000020T', 51.11, 2.82, 169, 21, 5),
(712, 'SAM0000239', 'Samsung - Reno72', 'Inserte una descripción', 'D1000044R', 289.81, 1.25, 275, 21, 13),
(713, 'MSI0000096', 'MSI - High3', 'Inserte una descripción', 'C2000003C', 13.78, 3.43, 105, 21, 13),
(714, 'SAM0000248', 'Samsung - X40', 'Inserte una descripción', 'H2000058F', 451.84, 2.43, 267, 21, 14),
(715, 'NIN0000195', 'Nintendo - High8', 'Inserte una descripción', 'F9000006F', 72.28, 4.61, 271, 21, 3),
(716, 'SAM0000255', 'Samsung - Max25', 'Inserte una descripción', 'E2000005E', 416.67, 4.05, 266, 21, 4),
(717, 'NIN0000201', 'Nintendo - High84', 'Inserte una descripción', 'C1000083E', 120.21, 2.23, 263, 21, 15),
(718, 'SAM0000257', 'Samsung - Series X55', 'Inserte una descripción', 'A7000041O', 420.25, 1.09, 237, 21, 7),
(719, 'NIN0000203', 'Nintendo - Lite88', 'Inserte una descripción', 'I3000029C', 331.54, 3.99, 100, 21, 7),
(720, 'SAM0000260', 'Samsung - High47', 'Inserte una descripción', 'I8000069Q', 382.70, 2.26, 100, 21, 5),
(721, 'NIN0000209', 'Nintendo - Series S44', 'Inserte una descripción', 'B1000062J', 89.35, 3.78, 60, 21, 15),
(722, 'SAM0000263', 'Samsung - Max77', 'Inserte una descripción', 'B4000052Z', 433.20, 4.24, 79, 21, 3),
(723, 'MSI0000097', 'MSI - High4', 'Inserte una descripción', 'D3000024X', 253.81, 1.76, 240, 21, 5),
(724, 'NIN0000214', 'Nintendo - Max13', 'Inserte una descripción', 'E7000045S', 317.85, 2.92, 91, 21, 14),
(725, 'SAM0000273', 'Samsung - Series S69', 'Inserte una descripción', 'I8000069Q', 443.59, 2.24, 59, 21, 13),
(726, 'MSI0000122', 'MSI - S97', 'Inserte una descripción', 'H9000018R', 378.40, 2.71, 156, 21, 5),
(727, 'SAM0000277', 'Samsung - S76', 'Inserte una descripción', 'H9000038L', 333.44, 4.48, 56, 21, 14),
(728, 'MSI0000132', 'MSI - S1', 'Inserte una descripción', 'E1000025Y', 194.37, 1.70, 53, 21, 4),
(729, 'MSI0000139', 'MSI - X3', 'Inserte una descripción', 'E1000055C', 97.42, 3.98, 268, 21, 3),
(730, 'NIN0000231', 'Nintendo - High4', 'Inserte una descripción', 'B9000032F', 5.07, 3.56, 272, 21, 13),
(731, 'MSI0000175', 'MSI - Max99', 'Inserte una descripción', 'A5009999E', 192.66, 3.35, 61, 21, 4),
(732, 'NIN0000234', 'Nintendo - X1', 'Inserte una descripción', 'C9000093O', 228.62, 2.43, 196, 21, 13),
(733, 'MSI0000230', 'MSI - Mega49', 'Inserte una descripción', 'F2000026Z', 88.80, 3.94, 148, 21, 3),
(734, 'NIN0000287', 'Nintendo - Mega55', 'Inserte una descripción', 'A8000021U', 300.31, 2.24, 130, 21, 13),
(735, 'SAM0000281', 'Samsung - S1', 'Inserte una descripción', 'C9000053A', 263.08, 4.96, 103, 21, 7),
(736, 'IBM0000586', 'IBM - Mega19', 'Inserte una descripción', 'I6000049W', 4.70, 3.36, 156, 21, 3),
(737, 'SAM0000302', 'Samsung - Reno61', 'Inserte una descripción', 'I3000039M', 347.57, 1.98, 125, 21, 4),
(738, 'IBM0000618', 'IBM - Max31', 'Inserte una descripción', 'E5000065M', 268.70, 3.43, 65, 21, 7),
(739, 'NIN0000317', 'Nintendo - High52', 'Inserte una descripción', 'E8000075W', 96.27, 1.63, 71, 21, 3),
(740, 'NIN0000329', 'Nintendo - Max48', 'Inserte una descripción', 'I1000009I', 18.37, 2.94, 300, 21, 7),
(741, 'SON0000387', 'Sony - Lite94', 'Inserte una descripción', 'A6000081C', 208.64, 3.53, 158, 21, 3),
(742, 'SAM0000303', 'Samsung - Series X26', 'Inserte una descripción', 'J8000010J', 227.19, 3.02, 59, 21, 14),
(743, 'IBM0000632', 'IBM - Reno96', 'Inserte una descripción', 'H7000078Z', 266.05, 1.98, 269, 21, 3),
(744, 'NIN0000433', 'Nintendo - Max86', 'Inserte una descripción', 'A6000061I', 166.62, 3.26, 223, 21, 3),
(745, 'SON0000417', 'Sony - X4', 'Inserte una descripción', 'G2000087I', 119.71, 2.99, 225, 21, 3),
(746, 'SAM0000321', 'Samsung - Series X22', 'Inserte una descripción', 'H3000008H', 451.53, 1.59, 255, 21, 14),
(747, 'IBM0000667', 'IBM - Lite11', 'Inserte una descripción', 'A5000031E', 344.76, 2.84, 80, 21, 5),
(748, 'NIN0000442', 'Nintendo - Reno69', 'Inserte una descripción', 'H2000088J', 207.47, 2.55, 194, 21, 3),
(749, 'SAM0000360', 'Samsung - Reno83', 'Inserte una descripción', 'H3000008H', 418.39, 3.17, 238, 21, 5),
(750, 'IBM0000673', 'IBM - Series S62', 'Inserte una descripción', 'F2000066N', 207.95, 3.24, 135, 21, 5),
(751, 'SON0000422', 'Sony - Lite56', 'Inserte una descripción', 'E8000075W', 281.80, 3.06, 146, 21, 7),
(752, 'NIN0000456', 'Nintendo - Series X21', 'Inserte una descripción', 'E1000035I', 170.34, 3.04, 51, 21, 14),
(753, 'SAM0000372', 'Samsung - Mega69', 'Inserte una descripción', 'D9000004D', 270.69, 4.95, 149, 21, 3),
(754, 'IBM0000686', 'IBM - S51', 'Inserte una descripción', 'F2000026Z', 151.35, 1.04, 219, 21, 4),
(755, 'NIN0000482', 'Nintendo - Mega64', 'Inserte una descripción', 'E1000085G', 396.22, 3.99, 295, 21, 5),
(756, 'SAM0000378', 'Samsung - Lite24', 'Inserte una descripción', 'A8000021U', 216.70, 3.63, 175, 21, 15),
(757, 'IBM0000711', 'IBM - Mega14', 'Inserte una descripción', 'A8000051Y', 297.13, 3.55, 292, 21, 14),
(758, 'SAM0000398', 'Samsung - X7', 'Inserte una descripción', 'H2000088J', 70.06, 3.43, 56, 21, 15),
(759, 'NIN0000505', 'Nintendo - Reno55', 'Inserte una descripción', 'C6000063K', 77.28, 3.45, 217, 21, 13),
(760, 'IBM0000714', 'IBM - S10', 'Inserte una descripción', 'E8000075W', 353.36, 2.16, 176, 21, 14),
(761, 'NIN0000508', 'Nintendo - Reno37', 'Inserte una descripción', 'J3000090L', 302.40, 2.64, 68, 21, 5),
(762, 'IBM0000718', 'IBM - S23', 'Inserte una descripción', 'C9000093O', 160.73, 2.18, 225, 21, 4),
(763, 'NIN0000527', 'Nintendo - Lite9', 'Inserte una descripción', 'E6000015O', 494.02, 4.20, 179, 21, 14),
(764, 'IBM0000755', 'IBM - S86', 'Inserte una descripción', 'I7000079A', 286.70, 2.96, 109, 21, 4),
(765, 'NIN0000537', 'Nintendo - Reno94', 'Inserte una descripción', 'H8000098T', 210.92, 2.00, 202, 21, 5),
(766, 'IBM0000760', 'IBM - Mega14', 'Inserte una descripción', 'B6000072T', 262.72, 1.70, 82, 21, 3),
(767, 'NIN0000559', 'Nintendo - Reno8', 'Inserte una descripción', 'E5000095Q', 302.24, 3.19, 191, 21, 4),
(768, 'IBM0000786', 'IBM - Max98', 'Inserte una descripción', 'C3000033G', 441.35, 2.68, 189, 21, 5),
(769, 'SON0000424', 'Sony - Lite24', 'Inserte una descripción', 'J8000010J', 476.88, 1.22, 194, 21, 15),
(770, 'SON0000443', 'Sony - High2', 'Inserte una descripción', 'C2000003C', 420.48, 2.75, 88, 21, 4),
(771, 'SON0000459', 'Sony - S50', 'Inserte una descripción', 'C6000063K', 35.31, 2.32, 229, 21, 5),
(772, 'SON0000570', 'Sony - S73', 'Inserte una descripción', 'C3000033G', 377.68, 4.43, 258, 21, 13),
(773, 'SON0000595', 'Sony - Reno55', 'Inserte una descripción', 'C6000073U', 475.13, 3.34, 181, 21, 4),
(774, 'SON0000605', 'Sony - Mega48', 'Inserte una descripción', 'F9000006F', 137.31, 4.56, 86, 21, 3),
(775, 'SON0000616', 'Sony - Series X39', 'Inserte una descripción', 'A5000003E', 450.88, 4.71, 249, 21, 4),
(776, 'NIN0000561', 'Nintendo - S24', 'Inserte una descripción', 'H7000078Z', 58.27, 1.79, 177, 21, 5),
(777, 'SON0000617', 'Sony - Mega40', 'Inserte una descripción', 'A5009999E', 269.90, 2.39, 216, 21, 13),
(778, 'NIN0000562', 'Nintendo - Series X34', 'Inserte una descripción', 'J7000070R', 4.13, 1.29, 83, 21, 7),
(779, 'SON0000619', 'Sony - Mega13', 'Inserte una descripción', 'J7000020T', 14.27, 4.18, 156, 21, 14),
(780, 'NIN0000563', 'Nintendo - X84', 'Inserte una descripción', 'G2000087I', 335.08, 2.54, 120, 21, 14),
(781, 'SON0000624', 'Sony - High69', 'Inserte una descripción', 'G4000017Q', 118.09, 3.93, 63, 21, 15),
(782, 'SAM0000406', 'Samsung - High8', 'Inserte una descripción', 'F1000036J', 237.95, 4.49, 207, 21, 13),
(783, 'SON0000633', 'Sony - S55', 'Inserte una descripción', 'I3000039M', 106.37, 1.06, 99, 21, 3),
(784, 'SAM0000438', 'Samsung - Lite49', 'Inserte una descripción', 'I4000099U', 23.60, 3.52, 283, 21, 13),
(785, 'SON0000637', 'Sony - X87', 'Inserte una descripción', 'E7000045S', 352.19, 3.79, 151, 21, 4),
(786, 'SAM0000452', 'Samsung - High5', 'Inserte una descripción', 'B6000072T', 231.82, 4.54, 234, 21, 5),
(787, 'SON0000639', 'Sony - Max31', 'Inserte una descripción', 'D3000094P', 39.38, 4.55, 172, 21, 5),
(788, 'IBM0000790', 'IBM - Series S15', 'Inserte una descripción', 'J2000080B', 207.34, 2.66, 278, 21, 5),
(789, 'SAM0000466', 'Samsung - X38', 'Inserte una descripción', 'F2000066N', 426.25, 4.62, 127, 21, 5),
(790, 'SON0000659', 'Sony - Series X70', 'Inserte una descripción', 'D1000044R', 21.61, 2.41, 299, 21, 15),
(791, 'NIN0000578', 'Nintendo - Lite63', 'Inserte una descripción', 'F3000086H', 407.46, 2.66, 202, 21, 15),
(792, 'IBM0000823', 'IBM - High32', 'Inserte una descripción', 'A6000071S', 201.29, 3.48, 184, 21, 3),
(793, 'SAM0000486', 'Samsung - S84', 'Inserte una descripción', 'A6000071S', 69.34, 2.87, 163, 21, 4),
(794, 'SON0000662', 'Sony - Lite1', 'Inserte una descripción', 'F2000066N', 485.21, 2.83, 280, 21, 15),
(795, 'SAM0000492', 'Samsung - High50', 'Inserte una descripción', 'I1000009I', 426.32, 2.00, 216, 21, 5),
(796, 'SON0000664', 'Sony - Series S21', 'Inserte una descripción', 'C2000003C', 209.50, 2.05, 95, 21, 7),
(797, 'SAM0000500', 'Samsung - Series S89', 'Inserte una descripción', 'C9000093O', 228.05, 4.27, 164, 21, 13),
(798, 'SON0000685', 'Sony - Mega29', 'Inserte una descripción', 'I2000089K', 469.75, 2.60, 126, 21, 4),
(799, 'SAM0000503', 'Samsung - Mega44', 'Inserte una descripción', 'F3000086H', 245.20, 3.19, 86, 21, 4),
(800, 'SON0000713', 'Sony - X42', 'Inserte una descripción', 'F1000036J', 259.76, 2.02, 107, 21, 13),
(801, 'SON0000732', 'Sony - Lite85', 'Inserte una descripción', 'C9000093O', 466.82, 4.04, 257, 21, 7),
(802, 'SON0000733', 'Sony - X18', 'Inserte una descripción', 'F2000026Z', 106.73, 2.55, 288, 21, 13),
(803, 'IBM0000847', 'IBM - X4', 'Inserte una descripción', 'D1000074V', 463.53, 3.21, 271, 21, 13),
(804, 'SON0000741', 'Sony - Series S41', 'Inserte una descripción', 'A8000091M', 88.58, 3.25, 236, 21, 15),
(805, 'IBM0000865', 'IBM - Lite36', 'Inserte una descripción', 'A5009999E', 246.45, 3.65, 203, 21, 4),
(806, 'SON0000749', 'Sony - Reno18', 'Inserte una descripción', 'I7000079A', 136.52, 3.85, 267, 21, 14),
(807, 'SON0000764', 'Sony - High98', 'Inserte una descripción', 'G9000047U', 216.71, 3.00, 97, 21, 14),
(808, 'SON0000769', 'Sony - X44', 'Inserte una descripción', 'F9000046T', 391.89, 2.43, 81, 21, 15),
(809, 'NIN0000623', 'Nintendo - Series S78', 'Inserte una descripción', 'J3000090L', 196.94, 3.74, 240, 21, 3),
(810, 'SAM0000506', 'Samsung - Series X83', 'Inserte una descripción', 'B1000062J', 130.34, 2.14, 187, 21, 3),
(811, 'SON0000789', 'Sony - Series S91', 'Inserte una descripción', 'A7000041O', 295.48, 4.13, 270, 21, 7),
(812, 'IBM0000869', 'IBM - Series S5', 'Inserte una descripción', 'J6000040N', 267.89, 3.49, 144, 21, 5),
(813, 'NIN0000644', 'Nintendo - Series X73', 'Inserte una descripción', 'F1000036J', 153.89, 2.21, 195, 21, 7),
(814, 'SAM0000541', 'Samsung - Series X39', 'Inserte una descripción', 'A8000051Y', 448.70, 1.10, 52, 21, 3),
(815, 'SON0000795', 'Sony - Max11', 'Inserte una descripción', 'B6000072T', 42.21, 1.67, 108, 21, 7),
(816, 'NIN0000647', 'Nintendo - High25', 'Inserte una descripción', 'E2000005E', 498.39, 4.31, 147, 21, 15),
(817, 'SON0000808', 'Sony - X80', 'Inserte una descripción', 'I3000029C', 120.73, 1.62, 52, 21, 3),
(818, 'NIN0000674', 'Nintendo - Series X85', 'Inserte una descripción', 'E5000065M', 447.39, 3.03, 208, 21, 4),
(819, 'SON0000836', 'Sony - Series S38', 'Inserte una descripción', 'I3000039M', 241.93, 3.81, 181, 21, 13),
(820, 'SON0000911', 'Sony - X6', 'Inserte una descripción', 'A5000002E', 34.25, 3.82, 294, 21, 13),
(821, 'SON0000944', 'Sony - Series S95', 'Inserte una descripción', 'J7000070R', 405.38, 3.42, 129, 21, 13),
(822, 'NIN0000688', 'Nintendo - Reno73', 'Inserte una descripción', 'A8000091M', 244.97, 1.78, 67, 21, 14),
(823, 'SON0000955', 'Sony - Series S36', 'Inserte una descripción', 'B4000052Z', 271.97, 2.59, 80, 21, 3),
(824, 'NIN0000762', 'Nintendo - Lite73', 'Inserte una descripción', 'G4000017Q', 82.99, 2.63, 293, 21, 3),
(825, 'SON0000962', 'Sony - High64', 'Inserte una descripción', 'E5000065M', 493.06, 3.53, 296, 21, 7),
(826, 'IBM0000890', 'IBM - Series S81', 'Inserte una descripción', 'B4000052Z', 107.80, 4.55, 78, 21, 13),
(827, 'NIN0000771', 'Nintendo - Lite71', 'Inserte una descripción', 'D3000094P', 482.19, 1.05, 171, 21, 7),
(828, 'SON0000973', 'Sony - Reno99', 'Inserte una descripción', 'C3000023W', 151.49, 1.84, 175, 21, 7),
(829, 'NIN0000785', 'Nintendo - Reno35', 'Inserte una descripción', 'D3000024X', 64.67, 4.21, 102, 21, 4),
(830, 'SON0000984', 'Sony - Reno89', 'Inserte una descripción', 'F1000036J', 300.75, 1.22, 226, 21, 15),
(831, 'SAM0000596', 'Samsung - Max26', 'Inserte una descripción', 'G7000077Y', 382.37, 2.57, 167, 21, 5),
(832, 'SON0000985', 'Sony - Mega90', 'Inserte una descripción', 'E1000025Y', 435.88, 3.72, 221, 21, 14),
(833, 'NIN0000800', 'Nintendo - S49', 'Inserte una descripción', 'D2000034H', 250.04, 2.57, 229, 21, 13),
(834, 'SON0000997', 'Sony - X72', 'Inserte una descripción', 'I7000079A', 278.97, 2.70, 254, 21, 5),
(835, 'NIN0000814', 'Nintendo - High41', 'Inserte una descripción', 'J2000030D', 103.75, 1.04, 260, 21, 13),
(836, 'SON0001008', 'Sony - X7', 'Inserte una descripción', 'D3000024X', 44.60, 2.90, 290, 21, 13),
(837, 'NIN0000819', 'Nintendo - Reno51', 'Inserte una descripción', 'J6000040N', 116.97, 3.72, 236, 21, 14),
(838, 'SAM0000600', 'Samsung - Reno31', 'Inserte una descripción', 'D3000014N', 38.74, 3.01, 124, 21, 13),
(839, 'SON0001020', 'Sony - Series X20', 'Inserte una descripción', 'F1000036J', 204.70, 3.81, 208, 21, 13),
(840, 'NIN0000832', 'Nintendo - High94', 'Inserte una descripción', 'C3000033G', 269.69, 2.31, 211, 21, 4),
(841, 'SAM0000604', 'Samsung - S24', 'Inserte una descripción', 'F2000066N', 276.81, 2.04, 178, 21, 7),
(842, 'XIA0000002', 'Xiaomi - High67', 'Inserte una descripción', 'B8000012L', 380.95, 3.34, 203, 21, 15),
(843, 'IBM0000895', 'IBM - S70', 'Inserte una descripción', 'D1000044R', 172.33, 2.02, 206, 21, 7),
(844, 'SAM0000650', 'Samsung - X17', 'Inserte una descripción', 'A6000081C', 163.78, 2.79, 75, 21, 14),
(845, 'XIA0000003', 'Xiaomi - X18', 'Inserte una descripción', 'C3000023W', 429.85, 3.23, 256, 21, 5),
(846, 'IBM0000901', 'IBM - Reno88', 'Inserte una descripción', 'I1000009I', 458.09, 1.42, 120, 21, 5),
(847, 'XIA0000020', 'Xiaomi - S4', 'Inserte una descripción', 'F3000086H', 113.59, 4.29, 244, 21, 13),
(848, 'IBM0000905', 'IBM - Series S82', 'Inserte una descripción', 'E1000035I', 181.85, 1.97, 54, 21, 13),
(849, 'XIA0000038', 'Xiaomi - S24', 'Inserte una descripción', 'G2000087I', 223.69, 2.56, 115, 21, 5),
(850, 'XIA0000044', 'Xiaomi - Series S64', 'Inserte una descripción', 'A6000061I', 366.73, 3.99, 64, 21, 4),
(851, 'SAM0000675', 'Samsung - S3', 'Inserte una descripción', 'G2000087I', 131.59, 1.61, 200, 21, 3),
(852, 'NIN0000871', 'Nintendo - Mega27', 'Inserte una descripción', 'F2000066N', 155.49, 3.50, 221, 21, 15),
(853, 'XIA0000067', 'Xiaomi - X48', 'Inserte una descripción', 'H2000028B', 335.74, 4.77, 210, 21, 7),
(854, 'SAM0000705', 'Samsung - Series S87', 'Inserte una descripción', 'E1000025Y', 192.28, 1.56, 287, 21, 14),
(855, 'NIN0000872', 'Nintendo - Mega50', 'Inserte una descripción', 'G2000087I', 306.05, 3.77, 189, 21, 14),
(856, 'XIA0000075', 'Xiaomi - Series X77', 'Inserte una descripción', 'D9000004D', 396.60, 2.73, 88, 21, 13),
(857, 'SAM0000729', 'Samsung - Mega20', 'Inserte una descripción', 'H2000058F', 335.96, 3.12, 197, 21, 7),
(858, 'IBM0000948', 'IBM - Lite27', 'Inserte una descripción', 'H3000008H', 343.32, 3.70, 54, 21, 14),
(859, 'NIN0000885', 'Nintendo - Max44', 'Inserte una descripción', 'A8000021U', 105.69, 2.15, 61, 21, 5),
(860, 'XIA0000077', 'Xiaomi - Max11', 'Inserte una descripción', 'C3000033G', 154.84, 3.03, 243, 21, 3),
(861, 'SAM0000735', 'Samsung - S54', 'Inserte una descripción', 'G1000027A', 34.73, 2.31, 253, 21, 3),
(862, 'IBM0000959', 'IBM - Reno30', 'Inserte una descripción', 'I7000079A', 423.54, 3.62, 256, 21, 5),
(863, 'XIA0000089', 'Xiaomi - High82', 'Inserte una descripción', 'B1000062J', 114.64, 1.11, 231, 21, 7),
(864, 'SAM0000739', 'Samsung - S27', 'Inserte una descripción', 'G4000017Q', 220.34, 2.77, 95, 21, 15),
(865, 'IBM0000972', 'IBM - X74', 'Inserte una descripción', 'H2000088J', 411.47, 1.50, 228, 21, 13),
(866, 'XIA0000101', 'Xiaomi - Max16', 'Inserte una descripción', 'I3000029C', 473.62, 4.78, 112, 21, 7),
(867, 'SAM0000743', 'Samsung - Lite94', 'Inserte una descripción', 'B8000022V', 429.86, 3.01, 60, 21, 7),
(868, 'NIN0000886', 'Nintendo - Lite17', 'Inserte una descripción', 'F9000056D', 152.70, 1.06, 99, 21, 5),
(869, 'XIA0000106', 'Xiaomi - Series X18', 'Inserte una descripción', 'I2000089K', 452.05, 4.92, 180, 21, 3),
(870, 'SAM0000751', 'Samsung - Series S33', 'Inserte una descripción', 'D3000014N', 177.44, 4.19, 69, 21, 7),
(871, 'NIN0000889', 'Nintendo - Series X27', 'Inserte una descripción', 'J8000010J', 44.18, 1.73, 245, 21, 7),
(872, 'XIA0000118', 'Xiaomi - Max99', 'Inserte una descripción', 'J3000090L', 275.46, 1.54, 230, 21, 3),
(873, 'SAM0000753', 'Samsung - Max97', 'Inserte una descripción', 'A5000003E', 260.65, 1.67, 293, 21, 5),
(874, 'XIA0000137', 'Xiaomi - X73', 'Inserte una descripción', 'J2000050X', 290.32, 3.98, 93, 21, 15),
(875, 'NIN0000891', 'Nintendo - Mega27', 'Inserte una descripción', 'D9000004D', 159.13, 1.44, 51, 21, 7),
(876, 'SAM0000765', 'Samsung - X25', 'Inserte una descripción', 'D9000054B', 197.39, 1.97, 300, 21, 3),
(877, 'XIA0000140', 'Xiaomi - X44', 'Inserte una descripción', 'H7000078Z', 23.96, 2.84, 75, 21, 13),
(878, 'NIN0000894', 'Nintendo - Mega49', 'Inserte una descripción', 'H3000008H', 83.85, 4.90, 257, 21, 13),
(879, 'SAM0000766', 'Samsung - Series S63', 'Inserte una descripción', 'F2000066N', 106.69, 3.54, 267, 21, 13),
(880, 'XIA0000187', 'Xiaomi - High54', 'Inserte una descripción', 'C9000093O', 186.35, 1.22, 117, 21, 14),
(881, 'XIA0000188', 'Xiaomi - High86', 'Inserte una descripción', 'J3000090L', 67.08, 2.73, 248, 21, 5),
(882, 'XIA0000222', 'Xiaomi - Max44', 'Inserte una descripción', 'G9000047U', 269.40, 4.82, 283, 21, 15),
(883, 'XIA0000259', 'Xiaomi - Series X47', 'Inserte una descripción', 'I3000029C', 329.90, 3.04, 218, 21, 14),
(884, 'XIA0000293', 'Xiaomi - High96', 'Inserte una descripción', 'H2000088J', 43.51, 4.45, 80, 21, 15),
(885, 'XIA0000295', 'Xiaomi - Max78', 'Inserte una descripción', 'E5000065M', 458.70, 4.15, 258, 21, 7),
(886, 'SAM0000777', 'Samsung - Series S11', 'Inserte una descripción', 'A5009999E', 85.61, 1.47, 118, 21, 5),
(887, 'XIA0000307', 'Xiaomi - S10', 'Inserte una descripción', 'C1000013M', 156.68, 2.94, 268, 21, 15),
(888, 'SAM0000783', 'Samsung - High59', 'Inserte una descripción', 'J7000020T', 1.50, 2.08, 272, 21, 7),
(889, 'XIA0000327', 'Xiaomi - High33', 'Inserte una descripción', 'B1000062J', 429.66, 3.51, 218, 21, 5),
(890, 'SAM0000810', 'Samsung - Max59', 'Inserte una descripción', 'G9000047U', 168.93, 3.41, 114, 21, 5),
(891, 'NIN0000920', 'Nintendo - Max67', 'Inserte una descripción', 'I3000039M', 294.99, 4.24, 268, 21, 3),
(892, 'SAM0000821', 'Samsung - X75', 'Inserte una descripción', 'F2000026Z', 194.26, 1.06, 222, 21, 13),
(893, 'SAM0000831', 'Samsung - S39', 'Inserte una descripción', 'C6000073U', 234.55, 3.55, 247, 21, 13),
(894, 'NIN0000925', 'Nintendo - S24', 'Inserte una descripción', 'I3000019S', 398.22, 2.40, 83, 21, 5),
(895, 'XIA0000343', 'Xiaomi - Lite61', 'Inserte una descripción', 'I8000069Q', 361.55, 4.22, 144, 21, 14),
(896, 'IBM0000992', 'IBM - Reno59', 'Inserte una descripción', 'G1000027A', 303.07, 1.89, 97, 21, 4),
(897, 'NIN0000966', 'Nintendo - Max27', 'Inserte una descripción', 'J1000060H', 42.36, 3.58, 267, 21, 4),
(898, 'XIA0000358', 'Xiaomi - X82', 'Inserte una descripción', 'J2000030D', 380.47, 4.68, 285, 21, 5),
(899, 'IBM0001000', 'IBM - Series S18', 'Inserte una descripción', 'G1000057E', 316.22, 1.45, 62, 21, 7),
(900, 'XIA0000367', 'Xiaomi - Series X4', 'Inserte una descripción', 'G9000047U', 139.98, 1.89, 90, 21, 13),
(901, 'IBM0001004', 'IBM - High94', 'Inserte una descripción', 'C6000063K', 24.59, 1.61, 192, 21, 14),
(902, 'LG0000015', 'LG - Series X53', 'Inserte una descripción', 'E1000085G', 173.28, 2.59, 95, 21, 3),
(903, 'NIN0000970', 'Nintendo - S89', 'Inserte una descripción', 'H2000028B', 141.85, 1.49, 203, 21, 13),
(904, 'LG0000017', 'LG - X63', 'Inserte una descripción', 'I2000089K', 213.09, 2.69, 57, 21, 15),
(905, 'NIN0000974', 'Nintendo - Reno28', 'Inserte una descripción', 'H7000078Z', 301.92, 3.15, 247, 21, 14),
(906, 'LG0000042', 'LG - Reno24', 'Inserte una descripción', 'A6000061I', 480.18, 3.86, 243, 21, 13),
(907, 'XIA0000369', 'Xiaomi - Mega76', 'Inserte una descripción', 'E1000035I', 44.50, 2.86, 188, 21, 7),
(908, 'OPP0000007', 'Oppo - S43', 'Inserte una descripción', 'F1000036J', 355.98, 3.45, 154, 21, 14),
(909, 'XIA0000371', 'Xiaomi - Max3', 'Inserte una descripción', 'B7000002B', 129.80, 2.40, 217, 21, 7),
(910, 'OPP0000021', 'Oppo - Max81', 'Inserte una descripción', 'D7000084F', 55.34, 2.32, 107, 21, 14),
(911, 'OPP0000060', 'Oppo - Series S53', 'Inserte una descripción', 'F9000006F', 335.60, 2.06, 124, 21, 13),
(912, 'OPP0000065', 'Oppo - Lite15', 'Inserte una descripción', 'E2000005E', 236.50, 4.32, 157, 21, 13),
(913, 'SAM0000840', 'Samsung - Series X13', 'Inserte una descripción', 'F9000046T', 369.13, 3.01, 189, 21, 15),
(914, 'XIA0000381', 'Xiaomi - S88', 'Inserte una descripción', 'G3000097S', 106.63, 4.97, 73, 21, 7),
(915, 'XIA0000385', 'Xiaomi - Max33', 'Inserte una descripción', 'F6000076X', 167.93, 2.76, 177, 21, 7),
(916, 'SAM0000857', 'Samsung - Series S71', 'Inserte una descripción', 'A6000081C', 95.67, 4.29, 300, 21, 4),
(917, 'XIA0000399', 'Xiaomi - X11', 'Inserte una descripción', 'A8000051Y', 179.03, 1.85, 182, 21, 15),
(918, 'SAM0000863', 'Samsung - High47', 'Inserte una descripción', 'D9000054B', 272.48, 1.52, 194, 21, 14),
(919, 'XIA0000416', 'Xiaomi - Mega92', 'Inserte una descripción', 'A8000091M', 328.17, 2.29, 103, 21, 7),
(920, 'SAM0000908', 'Samsung - Lite9', 'Inserte una descripción', 'F9000046T', 110.17, 3.31, 283, 21, 14),
(921, 'XIA0000419', 'Xiaomi - Series X68', 'Inserte una descripción', 'I3000029C', 479.97, 1.97, 245, 21, 13),
(922, 'SAM0000924', 'Samsung - Mega3', 'Inserte una descripción', 'B7000002B', 373.02, 2.18, 171, 21, 4),
(923, 'XIA0000426', 'Xiaomi - S44', 'Inserte una descripción', 'D3000094P', 279.97, 1.91, 134, 21, 14),
(924, 'SAM0000937', 'Samsung - High33', 'Inserte una descripción', 'D3000094P', 471.87, 3.78, 119, 21, 13),
(925, 'XIA0000444', 'Xiaomi - Series S60', 'Inserte una descripción', 'H2000028B', 464.67, 4.64, 286, 21, 14),
(926, 'OPP0000068', 'Oppo - S39', 'Inserte una descripción', 'I3000029C', 167.11, 2.57, 150, 21, 5),
(927, 'SAM0000941', 'Samsung - Lite11', 'Inserte una descripción', 'A8000051Y', 325.32, 3.28, 233, 21, 5),
(928, 'XIA0000474', 'Xiaomi - S17', 'Inserte una descripción', 'H2000058F', 422.17, 2.95, 242, 21, 3),
(929, 'OPP0000076', 'Oppo - Mega28', 'Inserte una descripción', 'A6000061I', 76.56, 2.06, 265, 21, 14),
(930, 'SAM0000947', 'Samsung - X19', 'Inserte una descripción', 'I8000059G', 39.42, 2.27, 56, 21, 5),
(931, 'OPP0000090', 'Oppo - S90', 'Inserte una descripción', 'H7000078Z', 453.64, 1.03, 81, 21, 5),
(932, 'SAM0000958', 'Samsung - S11', 'Inserte una descripción', 'A5000003E', 269.10, 1.68, 131, 21, 14),
(933, 'SAM0000963', 'Samsung - High27', 'Inserte una descripción', 'C2000003C', 188.12, 3.57, 134, 21, 14),
(934, 'SAM0000980', 'Samsung - Mega16', 'Inserte una descripción', 'H9000038L', 60.48, 4.69, 147, 21, 14),
(935, 'OPP0000091', 'Oppo - X2', 'Inserte una descripción', 'B4000052Z', 133.24, 2.11, 186, 21, 5),
(936, 'OPP0000154', 'Oppo - Mega76', 'Inserte una descripción', 'I3000039M', 476.84, 4.89, 56, 21, 7),
(937, 'OPP0000174', 'Oppo - Reno42', 'Inserte una descripción', 'J6000040N', 168.91, 1.90, 146, 21, 5),
(938, 'OPP0000193', 'Oppo - S96', 'Inserte una descripción', 'E1000035I', 217.77, 1.14, 218, 21, 13),
(939, 'SAM0001003', 'Samsung - S42', 'Inserte una descripción', 'B3000092N', 130.02, 4.03, 167, 21, 5),
(940, 'XIA0000476', 'Xiaomi - Series S39', 'Inserte una descripción', 'B5000082D', 434.25, 3.39, 242, 21, 3),
(941, 'OPP0000225', 'Oppo - Series S77', 'Inserte una descripción', 'H3000008H', 362.39, 3.55, 171, 21, 5),
(942, 'SAM0001006', 'Samsung - Mega39', 'Inserte una descripción', 'J7000020T', 261.10, 2.41, 237, 21, 7),
(943, 'XIA0000496', 'Xiaomi - Mega21', 'Inserte una descripción', 'D2000034H', 336.21, 3.87, 84, 21, 5),
(944, 'OPP0000229', 'Oppo - Mega21', 'Inserte una descripción', 'G7000077Y', 60.60, 2.33, 105, 21, 7),
(945, 'XIA0000498', 'Xiaomi - S91', 'Inserte una descripción', 'A8000051Y', 413.72, 4.02, 94, 21, 5),
(946, 'OPP0000245', 'Oppo - X53', 'Inserte una descripción', 'I3000039M', 308.85, 2.28, 105, 21, 5),
(947, 'XIA0000502', 'Xiaomi - Reno94', 'Inserte una descripción', 'B5000042P', 308.92, 2.57, 125, 21, 7),
(948, 'SAM0001014', 'Samsung - Lite18', 'Inserte una descripción', 'G1000027A', 11.77, 3.62, 166, 21, 13),
(949, 'OPP0000253', 'Oppo - X77', 'Inserte una descripción', 'J2000050X', 245.86, 3.48, 296, 21, 5),
(950, 'XIA0000513', 'Xiaomi - Mega70', 'Inserte una descripción', 'E6000015O', 203.08, 3.71, 226, 21, 3),
(951, 'XIA0000517', 'Xiaomi - Max47', 'Inserte una descripción', 'E1000055C', 198.32, 4.46, 147, 21, 5),
(952, 'OPP0000256', 'Oppo - Series S10', 'Inserte una descripción', 'D3000094P', 417.80, 2.59, 124, 21, 13),
(953, 'OPP0000286', 'Oppo - X92', 'Inserte una descripción', 'I3000029C', 122.54, 2.95, 246, 21, 7),
(954, 'SON0000034', 'Sony - Series S88', 'Inserte una descripción', 'D3000064L', 271.80, 1.12, 208, 21, 13),
(955, 'SON0000039', 'Sony - Max73', 'Inserte una descripción', 'G5000007G', 347.23, 2.80, 170, 21, 4),
(956, 'XIA0000533', 'Xiaomi - X56', 'Inserte una descripción', 'D7000084F', 400.37, 2.46, 122, 21, 3),
(957, 'SON0000064', 'Sony - Reno52', 'Inserte una descripción', 'F9000006F', 147.29, 3.08, 134, 21, 15),
(958, 'XIA0000587', 'Xiaomi - Lite28', 'Inserte una descripción', 'F4000016P', 197.21, 3.64, 231, 21, 3),
(959, 'OPP0000290', 'Oppo - High64', 'Inserte una descripción', 'J8000010J', 304.14, 2.85, 177, 21, 7),
(960, 'SON0000069', 'Sony - X86', 'Inserte una descripción', 'F9000096R', 455.52, 2.37, 213, 21, 3),
(961, 'XIA0000593', 'Xiaomi - Max85', 'Inserte una descripción', 'E1000035I', 377.61, 2.14, 72, 21, 5),
(962, 'OPP0000291', 'Oppo - Reno2', 'Inserte una descripción', 'B7000002B', 321.84, 1.63, 296, 21, 15),
(963, 'XIA0000603', 'Xiaomi - Series X90', 'Inserte una descripción', 'G3000067O', 404.86, 2.87, 193, 21, 14),
(964, 'OPP0000296', 'Oppo - Lite69', 'Inserte una descripción', 'H2000058F', 124.66, 2.41, 291, 21, 14),
(965, 'SON0000078', 'Sony - Max42', 'Inserte una descripción', 'F9000046T', 211.30, 3.39, 274, 21, 15),
(966, 'SON0000082', 'Sony - X61', 'Inserte una descripción', 'F9000046T', 322.05, 4.10, 126, 21, 5),
(967, 'SON0000083', 'Sony - Max41', 'Inserte una descripción', 'B8000022V', 316.36, 1.48, 260, 21, 5),
(968, 'SON0000093', 'Sony - Max83', 'Inserte una descripción', 'I3000039M', 382.32, 3.19, 259, 21, 15),
(969, 'SON0000146', 'Sony - Reno54', 'Inserte una descripción', 'A5009999E', 61.99, 2.38, 202, 21, 5),
(970, 'SON0000171', 'Sony - Series S37', 'Inserte una descripción', 'J2000050X', 22.95, 4.62, 101, 21, 3),
(971, 'SON0000178', 'Sony - Series S10', 'Inserte una descripción', 'F9000056D', 109.22, 3.28, 296, 21, 14);
INSERT INTO `producto` (`id_producto`, `codigo`, `nombre`, `descripcion`, `proveedor`, `coste`, `margen`, `stock`, `iva`, `id_categoria`) VALUES
(972, 'SON0000216', 'Sony - Mega60', 'Inserte una descripción', 'B1000062J', 407.72, 2.79, 169, 21, 4),
(973, 'OPP0000346', 'Oppo - X37', 'Inserte una descripción', 'C9000053A', 339.06, 1.08, 62, 21, 14),
(974, 'SON0000217', 'Sony - S79', 'Inserte una descripción', 'J7000020T', 47.78, 3.55, 280, 21, 7),
(975, 'OPP0000347', 'Oppo - S25', 'Inserte una descripción', 'B1000062J', 228.21, 4.85, 91, 21, 13),
(976, 'OPP0000350', 'Oppo - X29', 'Inserte una descripción', 'G4000017Q', 226.59, 2.42, 286, 21, 14),
(977, 'XIA0000614', 'Xiaomi - High69', 'Inserte una descripción', 'B6000072T', 283.78, 2.30, 108, 21, 4),
(978, 'XIA0000625', 'Xiaomi - Max75', 'Inserte una descripción', 'D3000024X', 116.17, 3.96, 77, 21, 5),
(979, 'XIA0000629', 'Xiaomi - Max13', 'Inserte una descripción', 'G9000047U', 100.27, 2.51, 255, 21, 3),
(980, 'SON0000243', 'Sony - Series X31', 'Inserte una descripción', 'G7000077Y', 95.42, 1.45, 196, 21, 5),
(981, 'XIA0000636', 'Xiaomi - Lite85', 'Inserte una descripción', 'A6000081C', 458.73, 2.12, 299, 21, 5),
(982, 'OPP0000351', 'Oppo - High38', 'Inserte una descripción', 'C9000093O', 82.34, 3.46, 123, 21, 4),
(983, 'SON0000251', 'Sony - Lite31', 'Inserte una descripción', 'I7000079A', 478.00, 2.67, 72, 21, 5),
(984, 'OPP0000375', 'Oppo - X73', 'Inserte una descripción', 'I2000089K', 173.27, 4.98, 261, 21, 13),
(985, 'SON0000261', 'Sony - Series S54', 'Inserte una descripción', 'J2000050X', 386.33, 3.67, 74, 21, 4),
(986, 'OPP0000427', 'Oppo - High49', 'Inserte una descripción', 'C9000053A', 271.10, 3.57, 294, 21, 4),
(987, 'XIA0000642', 'Xiaomi - S28', 'Inserte una descripción', 'E1000055C', 5.40, 4.67, 232, 21, 5),
(988, 'OPP0000451', 'Oppo - S8', 'Inserte una descripción', 'A5000031E', 349.53, 4.96, 199, 21, 14),
(989, 'XIA0000645', 'Xiaomi - Lite81', 'Inserte una descripción', 'F4000016P', 465.15, 4.76, 117, 21, 15),
(990, 'OPP0000454', 'Oppo - Reno23', 'Inserte una descripción', 'B7000002B', 100.20, 2.14, 291, 21, 13),
(991, 'SON0000266', 'Sony - Series S58', 'Inserte una descripción', 'F9000046T', 39.36, 3.81, 85, 21, 7),
(992, 'XIA0000649', 'Xiaomi - Max97', 'Inserte una descripción', 'A8000091M', 224.33, 1.40, 151, 21, 7),
(993, 'OPP0000464', 'Oppo - High17', 'Inserte una descripción', 'E2000005E', 83.11, 4.11, 275, 21, 3),
(994, 'SON0000274', 'Sony - Max4', 'Inserte una descripción', 'F3000086H', 101.95, 3.33, 287, 21, 15),
(995, 'XIA0000715', 'Xiaomi - Series X40', 'Inserte una descripción', 'E8000075W', 177.00, 2.80, 75, 21, 15),
(996, 'OPP0000470', 'Oppo - Lite34', 'Inserte una descripción', 'A5009999E', 178.23, 1.81, 146, 21, 14),
(997, 'XIA0000734', 'Xiaomi - X65', 'Inserte una descripción', 'H3000048V', 347.00, 3.59, 52, 21, 3),
(998, 'OPP0000471', 'Oppo - Series X25', 'Inserte una descripción', 'F6000076X', 55.40, 4.56, 204, 21, 4),
(999, 'OPP0000483', 'Oppo - High9', 'Inserte una descripción', 'H5000068P', 487.62, 2.43, 293, 21, 15),
(1000, 'XIA0000773', 'Xiaomi - X26', 'Inserte una descripción', 'G9000047U', 313.99, 4.17, 205, 21, 3),
(1001, 'XIA0000794', 'Xiaomi - Reno38', 'Inserte una descripción', 'H7000078Z', 276.87, 4.86, 171, 21, 14),
(1002, 'XIA0000797', 'Xiaomi - X2', 'Inserte una descripción', 'I8000059G', 486.70, 3.91, 220, 21, 15),
(1003, 'XIA0000807', 'Xiaomi - Series S54', 'Inserte una descripción', 'J8000010J', 251.48, 3.66, 93, 21, 13),
(1004, 'SON0000283', 'Sony - S24', 'Inserte una descripción', 'C3000033G', 290.79, 3.99, 297, 21, 3),
(1005, 'XIA0000830', 'Xiaomi - Lite22', 'Inserte una descripción', 'I7000079A', 191.86, 3.33, 72, 21, 5),
(1006, 'SON0000299', 'Sony - Mega95', 'Inserte una descripción', 'A8000091M', 235.57, 1.88, 217, 21, 15),
(1007, 'XIA0000833', 'Xiaomi - Series S5', 'Inserte una descripción', 'J8000010J', 29.09, 3.45, 240, 21, 5),
(1008, 'SON0000313', 'Sony - High15', 'Inserte una descripción', 'A5000031E', 16.68, 4.78, 110, 21, 3),
(1009, 'XIA0000838', 'Xiaomi - Reno28', 'Inserte una descripción', 'B6000072T', 459.99, 3.58, 164, 21, 7),
(1010, 'XIA0000858', 'Xiaomi - Series X92', 'Inserte una descripción', 'I1000009I', 98.97, 1.10, 162, 21, 4),
(1011, 'XIA0000859', 'Xiaomi - Series S17', 'Inserte una descripción', 'C3000023W', 42.61, 3.74, 218, 21, 7),
(1012, 'SON0000345', 'Sony - Reno24', 'Inserte una descripción', 'F9000056D', 246.88, 3.06, 140, 21, 13),
(1013, 'XIA0000866', 'Xiaomi - Series S2', 'Inserte una descripción', 'H9000038L', 469.89, 2.24, 201, 21, 5),
(1014, 'SON0000353', 'Sony - Lite97', 'Inserte una descripción', 'I8000059G', 233.66, 3.15, 124, 21, 5),
(1015, 'XIA0000907', 'Xiaomi - Series S8', 'Inserte una descripción', 'F9000096R', 475.54, 2.98, 283, 21, 5),
(1016, 'SON0000366', 'Sony - Lite25', 'Inserte una descripción', 'F9000056D', 168.74, 1.25, 59, 21, 4),
(1017, 'XIA0000914', 'Xiaomi - Series S60', 'Inserte una descripción', 'E1000025Y', 410.30, 2.55, 189, 21, 15),
(1018, 'XIA0000923', 'Xiaomi - X79', 'Inserte una descripción', 'F2000026Z', 131.85, 2.59, 263, 21, 13),
(1019, 'SON0000377', 'Sony - Max94', 'Inserte una descripción', 'E8000075W', 310.06, 4.57, 265, 21, 14),
(1020, 'XIA0000943', 'Xiaomi - X62', 'Inserte una descripción', 'F3000086H', 491.43, 3.37, 188, 21, 3),
(1021, 'XIA0000950', 'Xiaomi - S22', 'Inserte una descripción', 'G5000037K', 487.58, 4.77, 115, 21, 13),
(1022, 'XIA0000964', 'Xiaomi - X14', 'Inserte una descripción', 'E7000045S', 112.12, 3.31, 78, 21, 3),
(1023, 'XIA0001023', 'Xiaomi - High48', 'Inserte una descripción', 'I3000039M', 410.17, 1.95, 255, 21, 5);

-- --------------------------------------------------------

--
-- Estructura de tabla para la tabla `proveedor`
--

CREATE TABLE `proveedor` (
  `cif` varchar(9) NOT NULL,
  `codigo` varchar(10) NOT NULL,
  `nombre` varchar(255) NOT NULL,
  `direccion` varchar(255) NOT NULL,
  `website` varchar(255) NOT NULL,
  `email` varchar(255) NOT NULL,
  `telefono` varchar(12) DEFAULT NULL,
  `id_country` int UNSIGNED NOT NULL
) ENGINE=InnoDB DEFAULT CHARSET=utf8mb4 COLLATE=utf8mb4_general_ci;

--
-- Volcado de datos para la tabla `proveedor`
--

INSERT INTO `proveedor` (`cif`, `codigo`, `nombre`, `direccion`, `website`, `email`, `telefono`, `id_country`) VALUES
('A5000002E', 'test', 'test', 'test', 'http://test.org', 'test@test.org', '999999999', 178),
('A5000003E', 'test', 'test', 'test', 'http://test.org', 'test@test.org', '999999999', 178),
('A5000031E', 'PROV000031', 'PROVEEDOR 000031', 'Calle Test Num. 581', 'http://test.org', 'proveedor30@test.org', NULL, 204),
('A5009999E', 'test', 'test', 'test', 'http://test.org', 'test@test.org', NULL, 178),
('A6000061I', 'PROV000061', 'PROVEEDOR 000061', 'Calle Test Num. 321', 'http://test.org', 'proveedor60@test.org', NULL, 204),
('A6000071S', 'PROV000071', 'PROVEEDOR 000071', 'Calle Test Num. 382', 'http://test.org', 'proveedor70@test.org', NULL, 204),
('A6000081C', 'PROV000081', 'PROVEEDOR 000081', 'Calle Test Num. 81', 'http://test.org', 'proveedor80@test.org', NULL, 204),
('A7000041O', 'PROV000041', 'PROVEEDOR 000041', 'Calle Test Num. 643', 'http://test.org', 'proveedor40@test.org', NULL, 204),
('A8000011K', 'PROV000011', 'PROVEEDOR 000011', 'Calle Test Num. 578', 'http://test.org', 'proveedor10@test.org', NULL, 204),
('A8000021U', 'PROV000021', 'PROVEEDOR 000021', 'Calle Test Num. 400', 'http://test.org', 'proveedor20@test.org', NULL, 204),
('A8000051Y', 'PROV000051', 'PROVEEDOR 000051', 'Calle Test Num. 367', 'http://test.org', 'proveedor50@test.org', NULL, 204),
('A8000091M', 'PROV000091', 'PROVEEDOR 000091', 'Calle Test Num. 727', 'http://test.org', 'proveedor90@test.org', NULL, 204),
('B1000062J', 'PROV000062', 'PROVEEDOR 000062', 'Calle Test Num. 265', 'http://test.org', 'proveedor61@test.org', NULL, 204),
('B3000092N', 'PROV000092', 'PROVEEDOR 000092', 'Calle Test Num. 825', 'http://test.org', 'proveedor91@test.org', NULL, 204),
('B4000052Z', 'PROV000052', 'PROVEEDOR 000052', 'Calle Test Num. 998', 'http://test.org', 'proveedor51@test.org', NULL, 204),
('B5000042P', 'PROV000042', 'PROVEEDOR 000042', 'Calle Test Num. 719', 'http://test.org', 'proveedor41@test.org', NULL, 204),
('B5000082D', 'PROV000082', 'PROVEEDOR 000082', 'Calle Test Num. 534', 'http://test.org', 'proveedor81@test.org', NULL, 204),
('B6000072T', 'PROV000072', 'PROVEEDOR 000072', 'Calle Test Num. 982', 'http://test.org', 'proveedor71@test.org', NULL, 204),
('B7000002B', 'PROV000002', 'PROVEEDOR 000002', 'Calle Test Num. 874', 'http://test.org', 'proveedor1@test.org', NULL, 204),
('B8000012L', 'PROV000012', 'PROVEEDOR 000012', 'Calle Test Num. 928', 'http://test.org', 'proveedor11@test.org', NULL, 204),
('B8000022V', 'PROV000022', 'PROVEEDOR 000022', 'Calle Test Num. 56', 'http://test.org', 'proveedor21@test.org', NULL, 204),
('B9000032F', 'PROV000032', 'PROVEEDOR 000032', 'Calle Test Num. 173', 'http://test.org', 'proveedor31@test.org', NULL, 204),
('C1000013M', 'PROV000013', 'PROVEEDOR 000013', 'Calle Test Num. 600', 'http://test.org', 'proveedor12@test.org', NULL, 204),
('C1000083E', 'PROV000083', 'PROVEEDOR 000083', 'Calle Test Num. 796', 'http://test.org', 'proveedor82@test.org', NULL, 204),
('C2000003C', 'PROV000003', 'PROVEEDOR 000003', 'Calle Test Num. 193', 'http://test.org', 'proveedor2@test.org', NULL, 204),
('C3000023W', 'PROV000023', 'PROVEEDOR 000023', 'Calle Test Num. 428', 'http://test.org', 'proveedor22@test.org', NULL, 204),
('C3000033G', 'PROV000033', 'PROVEEDOR 000033', 'Calle Test Num. 837', 'http://test.org', 'proveedor32@test.org', NULL, 204),
('C4000043Q', 'PROV000043', 'PROVEEDOR 000043', 'Calle Test Num. 542', 'http://test.org', 'proveedor42@test.org', NULL, 204),
('C6000063K', 'PROV000063', 'PROVEEDOR 000063', 'Calle Test Num. 783', 'http://test.org', 'proveedor62@test.org', NULL, 204),
('C6000073U', 'PROV000073', 'PROVEEDOR 000073', 'Calle Test Num. 641', 'http://test.org', 'proveedor72@test.org', NULL, 204),
('C9000053A', 'PROV000053', 'PROVEEDOR 000053', 'Calle Test Num. 116', 'http://test.org', 'proveedor52@test.org', NULL, 204),
('C9000093O', 'PROV000093', 'PROVEEDOR 000093', 'Calle Test Num. 68', 'http://test.org', 'proveedor92@test.org', NULL, 204),
('D1000044R', 'PROV000044', 'PROVEEDOR 000044', 'Calle Test Num. 967', 'http://test.org', 'proveedor43@test.org', NULL, 204),
('D1000074V', 'PROV000074', 'PROVEEDOR 000074', 'Calle Test Num. 172', 'http://test.org', 'proveedor73@test.org', NULL, 204),
('D2000034H', 'PROV000034', 'PROVEEDOR 000034', 'Calle Test Num. 543', 'http://test.org', 'proveedor33@test.org', NULL, 204),
('D3000014N', 'PROV000014', 'PROVEEDOR 000014', 'Calle Test Num. 338', 'http://test.org', 'proveedor13@test.org', NULL, 204),
('D3000024X', 'PROV000024', 'PROVEEDOR 000024', 'Calle Test Num. 205', 'http://test.org', 'proveedor23@test.org', NULL, 204),
('D3000064L', 'PROV000064', 'PROVEEDOR 000064', 'Calle Test Num. 764', 'http://test.org', 'proveedor63@test.org', NULL, 204),
('D3000094P', 'PROV000094', 'PROVEEDOR 000094', 'Calle Test Num. 507', 'http://test.org', 'proveedor93@test.org', NULL, 204),
('D7000084F', 'PROV000084', 'PROVEEDOR 000084', 'Calle Test Num. 51', 'http://test.org', 'proveedor83@test.org', NULL, 204),
('D9000004D', 'PROV000004', 'PROVEEDOR 000004', 'Calle Test Num. 822', 'http://test.org', 'proveedor3@test.org', NULL, 204),
('D9000054B', 'PROV000054', 'PROVEEDOR 000054', 'Calle Test Num. 168', 'http://test.org', 'proveedor53@test.org', NULL, 204),
('E1000025Y', 'PROV000025', 'PROVEEDOR 000025', 'Calle Test Num. 82', 'http://test.org', 'proveedor24@test.org', NULL, 204),
('E1000035I', 'PROV000035', 'PROVEEDOR 000035', 'Calle Test Num. 11', 'http://test.org', 'proveedor34@test.org', NULL, 204),
('E1000055C', 'PROV000055', 'PROVEEDOR 000055', 'Calle Test Num. 987', 'http://test.org', 'proveedor54@test.org', NULL, 204),
('E1000085G', 'PROV000085', 'PROVEEDOR 000085', 'Calle Test Num. 583', 'http://test.org', 'proveedor84@test.org', NULL, 204),
('E2000005E', 'PROV000005', 'PROVEEDOR 000005', 'Calle Test Num. 676', 'http://test.org', 'proveedor4@test.org', NULL, 204),
('E5000065M', 'PROV000065', 'PROVEEDOR 000065', 'Calle Test Num. 633', 'http://test.org', 'proveedor64@test.org', NULL, 204),
('E5000095Q', 'PROV000095', 'PROVEEDOR 000095', 'Calle Test Num. 910', 'http://test.org', 'proveedor94@test.org', NULL, 204),
('E6000015O', 'PROV000015', 'PROVEEDOR 000015', 'Calle Test Num. 95', 'http://test.org', 'proveedor14@test.org', NULL, 204),
('E7000045S', 'PROV000045', 'PROVEEDOR 000045', 'Calle Test Num. 323', 'http://test.org', 'proveedor44@test.org', NULL, 204),
('E8000075W', 'PROV000075', 'PROVEEDOR 000075', 'Calle Test Num. 699', 'http://test.org', 'proveedor74@test.org', NULL, 204),
('F1000036J', 'PROV000036', 'PROVEEDOR 000036', 'Calle Test Num. 413', 'http://test.org', 'proveedor35@test.org', NULL, 204),
('F2000026Z', 'PROV000026', 'PROVEEDOR 000026', 'Calle Test Num. 109', 'http://test.org', 'proveedor25@test.org', NULL, 204),
('F2000066N', 'PROV000066', 'PROVEEDOR 000066', 'Calle Test Num. 373', 'http://test.org', 'proveedor65@test.org', NULL, 204),
('F3000086H', 'PROV000086', 'PROVEEDOR 000086', 'Calle Test Num. 590', 'http://test.org', 'proveedor85@test.org', NULL, 204),
('F4000016P', 'PROV000016', 'PROVEEDOR 000016', 'Calle Test Num. 151', 'http://test.org', 'proveedor15@test.org', NULL, 204),
('F6000076X', 'PROV000076', 'PROVEEDOR 000076', 'Calle Test Num. 5', 'http://test.org', 'proveedor75@test.org', NULL, 204),
('F9000006F', 'PROV000006', 'PROVEEDOR 000006', 'Calle Test Num. 91', 'http://test.org', 'proveedor5@test.org', NULL, 204),
('F9000046T', 'PROV000046', 'PROVEEDOR 000046', 'Calle Test Num. 484', 'http://test.org', 'proveedor45@test.org', NULL, 204),
('F9000056D', 'PROV000056', 'PROVEEDOR 000056', 'Calle Test Num. 746', 'http://test.org', 'proveedor55@test.org', NULL, 204),
('F9000096R', 'PROV000096', 'PROVEEDOR 000096', 'Calle Test Num. 506', 'http://test.org', 'proveedor95@test.org', NULL, 204),
('G1000027A', 'PROV000027', 'PROVEEDOR 000027', 'Calle Test Num. 234', 'http://test.org', 'proveedor26@test.org', NULL, 204),
('G1000057E', 'PROV000057', 'PROVEEDOR 000057', 'Calle Test Num. 296', 'http://test.org', 'proveedor56@test.org', NULL, 204),
('G2000087I', 'PROV000087', 'PROVEEDOR 000087', 'Calle Test Num. 315', 'http://test.org', 'proveedor86@test.org', NULL, 204),
('G3000067O', 'PROV000067', 'PROVEEDOR 000067', 'Calle Test Num. 229', 'http://test.org', 'proveedor66@test.org', NULL, 204),
('G3000097S', 'PROV000097', 'PROVEEDOR 000097', 'Calle Test Num. 623', 'http://test.org', 'proveedor96@test.org', NULL, 204),
('G4000017Q', 'PROV000017', 'PROVEEDOR 000017', 'Calle Test Num. 945', 'http://test.org', 'proveedor16@test.org', NULL, 204),
('G5000007G', 'PROV000007', 'PROVEEDOR 000007', 'Calle Test Num. 634', 'http://test.org', 'proveedor6@test.org', NULL, 204),
('G5000037K', 'PROV000037', 'PROVEEDOR 000037', 'Calle Test Num. 600', 'http://test.org', 'proveedor36@test.org', NULL, 204),
('G7000077Y', 'PROV000077', 'PROVEEDOR 000077', 'Calle Test Num. 634', 'http://test.org', 'proveedor76@test.org', NULL, 204),
('G9000047U', 'PROV000047', 'PROVEEDOR 000047', 'Calle Test Num. 359', 'http://test.org', 'proveedor46@test.org', NULL, 204),
('H2000028B', 'PROV000028', 'PROVEEDOR 000028', 'Calle Test Num. 484', 'http://test.org', 'proveedor27@test.org', NULL, 204),
('H2000058F', 'PROV000058', 'PROVEEDOR 000058', 'Calle Test Num. 799', 'http://test.org', 'proveedor57@test.org', NULL, 204),
('H2000088J', 'PROV000088', 'PROVEEDOR 000088', 'Calle Test Num. 571', 'http://test.org', 'proveedor87@test.org', NULL, 204),
('H3000008H', 'PROV000008', 'PROVEEDOR 000008', 'Calle Test Num. 873', 'http://test.org', 'proveedor7@test.org', NULL, 204),
('H3000048V', 'PROV000048', 'PROVEEDOR 000048', 'Calle Test Num. 911', 'http://test.org', 'proveedor47@test.org', NULL, 204),
('H5000068P', 'PROV000068', 'PROVEEDOR 000068', 'Calle Test Num. 699', 'http://test.org', 'proveedor67@test.org', NULL, 204),
('H7000078Z', 'PROV000078', 'PROVEEDOR 000078', 'Calle Test Num. 253', 'http://test.org', 'proveedor77@test.org', NULL, 204),
('H8000098T', 'PROV000098', 'PROVEEDOR 000098', 'Calle Test Num. 520', 'http://test.org', 'proveedor97@test.org', NULL, 204),
('H9000018R', 'PROV000018', 'PROVEEDOR 000018', 'Calle Test Num. 641', 'http://test.org', 'proveedor17@test.org', NULL, 204),
('H9000038L', 'PROV000038', 'PROVEEDOR 000038', 'Calle Test Num. 487', 'http://test.org', 'proveedor37@test.org', NULL, 204),
('I1000009I', 'PROV000009', 'PROVEEDOR 000009', 'Calle Test Num. 421', 'http://test.org', 'proveedor8@test.org', NULL, 204),
('I2000089K', 'PROV000089', 'PROVEEDOR 000089', 'Calle Test Num. 743', 'http://test.org', 'proveedor88@test.org', NULL, 204),
('I3000019S', 'PROV000019', 'PROVEEDOR 000019', 'Calle Test Num. 790', 'http://test.org', 'proveedor18@test.org', NULL, 204),
('I3000029C', 'PROV000029', 'PROVEEDOR 000029', 'Calle Test Num. 499', 'http://test.org', 'proveedor28@test.org', NULL, 204),
('I3000039M', 'PROV000039', 'PROVEEDOR 000039', 'Calle Test Num. 142', 'http://test.org', 'proveedor38@test.org', NULL, 204),
('I4000099U', 'PROV000099', 'PROVEEDOR 000099', 'Calle Test Num. 540', 'http://test.org', 'proveedor98@test.org', NULL, 204),
('I6000049W', 'PROV000049', 'PROVEEDOR 000049', 'Calle Test Num. 332', 'http://test.org', 'proveedor48@test.org', NULL, 204),
('I7000079A', 'PROV000079', 'PROVEEDOR 000079', 'Calle Test Num. 533', 'http://test.org', 'proveedor78@test.org', NULL, 204),
('I8000059G', 'PROV000059', 'PROVEEDOR 000059', 'Calle Test Num. 114', 'http://test.org', 'proveedor58@test.org', NULL, 204),
('I8000069Q', 'PROV000069', 'PROVEEDOR 000069', 'Calle Test Num. 850', 'http://test.org', 'proveedor68@test.org', NULL, 204),
('J1000060H', 'PROV000060', 'PROVEEDOR 000060', 'Calle Test Num. 721', 'http://test.org', 'proveedor59@test.org', NULL, 204),
('J2000030D', 'PROV000030', 'PROVEEDOR 000030', 'Calle Test Num. 644', 'http://test.org', 'proveedor29@test.org', NULL, 204),
('J2000050X', 'PROV000050', 'PROVEEDOR 000050', 'Calle Test Num. 54', 'http://test.org', 'proveedor49@test.org', NULL, 204),
('J2000080B', 'PROV000080', 'PROVEEDOR 000080', 'Calle Test Num. 296', 'http://test.org', 'proveedor79@test.org', NULL, 204),
('J3000090L', 'PROV000090', 'PROVEEDOR 000090', 'Calle Test Num. 847', 'http://test.org', 'proveedor89@test.org', NULL, 204),
('J6000040N', 'PROV000040', 'PROVEEDOR 000040', 'Calle Test Num. 673', 'http://test.org', 'proveedor39@test.org', NULL, 204),
('J7000020T', 'PROV000020', 'PROVEEDOR 000020', 'Calle Test Num. 689', 'http://test.org', 'proveedor19@test.org', NULL, 204),
('J7000070R', 'PROV000070', 'PROVEEDOR 000070', 'Calle Test Num. 489', 'http://test.org', 'proveedor69@test.org', NULL, 204),
('J8000010J', 'PROV000010', 'PROVEEDOR 000010', 'Calle Test Num. 263', 'http://test.org', 'proveedor9@test.org', NULL, 204);

-- --------------------------------------------------------

--
-- Estructura de tabla para la tabla `trabajadores`
--

CREATE TABLE `trabajadores` (
  `username` varchar(50) NOT NULL,
  `salarioBruto` decimal(10,2) NOT NULL,
  `retencionIRPF` decimal(10,2) NOT NULL,
  `activo` tinyint(1) NOT NULL DEFAULT '0',
  `id_rol` int NOT NULL DEFAULT '1',
  `id_country` int UNSIGNED NOT NULL
) ENGINE=InnoDB DEFAULT CHARSET=utf8mb4 COLLATE=utf8mb4_general_ci;

--
-- Volcado de datos para la tabla `trabajadores`
--

INSERT INTO `trabajadores` (`username`, `salarioBruto`, `retencionIRPF`, `activo`, `id_rol`, `id_country`) VALUES
('administrador', 5000.00, 30.00, 1, 1, 143),
('Alexis_Jose_Alvarez_Araujo', 4390.27, 30.00, 1, 5, 204),
('Alexis_Jose_Alvarez_Fernandez', 2492.00, 18.00, 0, 3, 204),
('Alexis_Jose_Alvarez_Groba', 2398.00, 18.00, 1, 3, 28),
('Alexis_Jose_Alvarez_Oset', 4625.00, 30.00, 1, 5, 204),
('Alexis_Jose_Alvarez_Pereira', 2433.00, 18.00, 1, 5, 204),
('Alexis_Jose_Alvarez_Sanchez', 2906.00, 18.00, 1, 5, 204),
('Alexis_Jose_Alvarez_Vilas', 4724.00, 30.00, 1, 4, 204),
('Alexis_Jose_Candeira_Carrera', 2127.00, 18.00, 1, 6, 230),
('Alexis_Jose_Candeira_Oset', 1558.00, 18.00, 1, 5, 184),
('Alexis_Jose_Candeira_Vilas', 2897.00, 18.00, 1, 3, 204),
('Alexis_Jose_Casas_Fernandez', 3310.00, 20.00, 1, 3, 204),
('Alexis_Jose_Casas_Groba', 1534.00, 18.00, 1, 6, 204),
('Alexis_Jose_da_Silva_Abeledo', 2861.00, 18.00, 1, 6, 204),
('Alexis_Jose_da_Silva_Carrera', 3599.00, 20.00, 1, 4, 149),
('Alexis_Jose_da_Silva_Fernandez', 2853.00, 18.00, 1, 4, 204),
('Alexis_Jose_da_Silva_Gonzalez', 3631.00, 20.00, 1, 4, 204),
('Alexis_Jose_da_Silva_Iglesias', 3643.00, 20.00, 1, 5, 204),
('Alexis_Jose_da_Silva_Oset', 3355.00, 20.00, 1, 5, 204),
('Alexis_Jose_da_Silva_Pereira', 3761.00, 20.00, 1, 5, 204),
('Alexis_Jose_Dominguez_Abeledo', 2438.00, 18.00, 1, 3, 141),
('Alexis_Jose_Dominguez_Vilas', 1838.00, 18.00, 1, 6, 40),
('Alexis_Jose_Fernandez_Abeledo', 3891.00, 20.00, 1, 5, 119),
('Alexis_Jose_Fernandez_Araujo', 2536.00, 18.00, 1, 4, 40),
('Alexis_Jose_Fernandez_Carrera', 2239.00, 18.00, 1, 6, 204),
('Alexis_Jose_Fernandez_Cerqueira', 2956.00, 18.00, 1, 6, 204),
('Alexis_Jose_Fernandez_Gonzalez', 3027.00, 20.00, 1, 6, 204),
('Alexis_Jose_Fernandez_Groba', 3201.00, 20.00, 1, 6, 19),
('Alexis_Jose_Fernandez_Pereira', 4866.00, 30.00, 1, 1, 204),
('Alexis_Jose_Ferreira_Abeledo', 4281.00, 30.00, 1, 6, 204),
('Alexis_Jose_Ferreira_Araujo', 3821.00, 20.00, 1, 4, 204),
('Alexis_Jose_Ferreira_Cerqueira', 2535.00, 18.00, 1, 1, 221),
('Alexis_Jose_Ferreira_Fernandez', 1599.00, 18.00, 1, 6, 204),
('Alexis_Jose_Ferreira_Oset', 4864.00, 30.00, 1, 1, 140),
('Alexis_Jose_Ferreira_Pereira', 3018.00, 20.00, 1, 1, 218),
('Alexis_Jose_Ferreira_Vilas', 3068.00, 20.00, 1, 5, 204),
('Alexis_Jose_Giraldez_Oset', 4410.00, 30.00, 1, 5, 204),
('Alexis_Jose_Gonzalez_Carrera', 4125.00, 30.00, 1, 5, 177),
('Alexis_Jose_Gonzalez_Fernandez', 2123.00, 18.00, 1, 3, 204),
('Alexis_Jose_Gonzalez_Iglesias', 1241.00, 18.00, 1, 3, 61),
('Alexis_Jose_Gonzalez_Pereira', 1587.00, 18.00, 1, 5, 204),
('Alexis_Jose_Juncal_Abeledo', 2794.00, 18.00, 1, 3, 204),
('Alexis_Jose_Juncal_Araujo', 1640.00, 18.00, 1, 5, 204),
('Alexis_Jose_Juncal_Carrera', 4578.00, 30.00, 1, 5, 204),
('Alexis_Jose_Juncal_Cerqueira', 2505.00, 18.00, 1, 1, 204),
('Alexis_Jose_Juncal_Groba', 4022.00, 30.00, 1, 6, 204),
('Alexis_Jose_Juncal_Iglesias', 2713.00, 18.00, 1, 6, 204),
('Alexis_Jose_Juncal_Sanchez', 4227.00, 30.00, 1, 6, 204),
('Alexis_Jose_Montes_Araujo', 3754.00, 20.00, 1, 5, 204),
('Alexis_Jose_Montes_Carrera', 3144.00, 20.00, 1, 3, 204),
('Alexis_Jose_Montes_Groba', 1403.00, 18.00, 1, 5, 204),
('Alexis_Jose_Montes_Sanchez', 3264.00, 20.00, 1, 5, 204),
('Alexis_Jose_Montes_Vilas', 3817.00, 20.00, 1, 4, 15),
('Alexis_Jose_Sanchez_Abeledo', 4356.00, 30.00, 1, 1, 204),
('Alexis_Jose_Sanchez_Fernandez', 1431.00, 18.00, 1, 3, 204),
('Alexis_Jose_Sanchez_Gonzalez', 4046.00, 30.00, 1, 5, 204),
('Alexis_Jose_Sanchez_Iglesias', 4920.00, 30.00, 1, 5, 204),
('Alexis_Jose_Sanchez_Vilas', 4219.00, 30.00, 1, 1, 204),
('Alexis_Jose_Suarez_Fernandez', 3046.00, 20.00, 1, 6, 204),
('Alexis_Jose_Suarez_Iglesias', 4799.00, 30.00, 1, 4, 204),
('Alexis_Jose_Suarez_Oset', 3016.00, 20.00, 1, 1, 204),
('Alexis_Jose_Suarez_Vilas', 3443.00, 20.00, 1, 6, 204),
('Benjam__n_Alvarez_Sanchez', 3542.00, 20.00, 1, 5, 204),
('Benjam__n_Candeira_Carrera', 1293.00, 18.00, 1, 5, 185),
('Benjam__n_Candeira_Cerqueira', 1529.00, 18.00, 1, 4, 204),
('Benjam__n_Candeira_Groba', 1789.00, 18.00, 1, 6, 33),
('Benjam__n_Candeira_Oset', 3290.00, 20.00, 1, 3, 204),
('Benjam__n_Candeira_Sanchez', 2929.00, 18.00, 1, 4, 204),
('Benjam__n_Casas_Abeledo', 2353.00, 18.00, 1, 3, 105),
('Benjam__n_Casas_Fernandez', 3716.00, 20.00, 1, 3, 204),
('Benjam__n_Casas_Sanchez', 4422.00, 30.00, 1, 1, 204),
('Benjam__n_da_Silva_Araujo', 2213.00, 18.00, 1, 6, 204),
('Benjam__n_da_Silva_Carrera', 3791.00, 20.00, 1, 3, 204),
('Benjam__n_Dominguez_Gonzalez', 2953.00, 18.00, 1, 3, 204),
('Benjam__n_Dominguez_Groba', 1340.00, 18.00, 1, 6, 164),
('Benjam__n_Dominguez_Oset', 2475.00, 18.00, 1, 6, 204),
('Benjam__n_Dominguez_Pereira', 4439.00, 30.00, 1, 3, 204),
('Benjam__n_Dominguez_Sanchez', 2595.00, 18.00, 1, 6, 246),
('Benjam__n_Fernandez_Abeledo', 1131.00, 18.00, 1, 6, 204),
('Benjam__n_Fernandez_Araujo', 4727.00, 30.00, 1, 4, 143),
('Benjam__n_Fernandez_Fernandez', 3268.00, 20.00, 1, 5, 32),
('Benjam__n_Fernandez_Iglesias', 1566.00, 18.00, 1, 6, 204),
('Benjam__n_Ferreira_Araujo', 1621.00, 18.00, 1, 4, 204),
('Benjam__n_Ferreira_Fernandez', 1295.00, 18.00, 1, 5, 204),
('Benjam__n_Ferreira_Sanchez', 1466.00, 18.00, 1, 4, 245),
('Benjam__n_Ferreira_Vilas', 3520.00, 20.00, 1, 5, 204),
('Benjam__n_Giraldez_Araujo', 4228.00, 30.00, 1, 4, 204),
('Benjam__n_Giraldez_Fernandez', 1080.00, 18.00, 1, 5, 204),
('Benjam__n_Gonzalez_Gonzalez', 3969.00, 20.00, 1, 6, 144),
('Benjam__n_Gonzalez_Vilas', 4487.00, 30.00, 1, 1, 204),
('Benjam__n_Montes_Iglesias', 2116.00, 18.00, 1, 5, 204),
('Benjam__n_Sanchez_Gonzalez', 1023.00, 18.00, 1, 1, 204),
('Benjam__n_Sanchez_Groba', 1415.00, 18.00, 1, 1, 29),
('Benjam__n_Sanchez_Pereira', 4046.00, 30.00, 1, 3, 214),
('Benjam__n_Suarez_Araujo', 4304.00, 30.00, 1, 6, 111),
('Benjam__n_Suarez_Gonzalez', 2215.00, 18.00, 1, 4, 221),
('Carlos_Alvarez_Cerqueira', 2255.00, 18.00, 1, 4, 233),
('Carlos_Alvarez_Groba', 1684.00, 18.00, 1, 3, 120),
('Carlos_Alvarez_Iglesias', 1452.00, 18.00, 1, 5, 204),
('Carlos_Alvarez_Oset', 4783.00, 30.00, 1, 5, 204),
('Carlos_Alvarez_Pereira', 3910.00, 20.00, 1, 1, 204),
('Carlos_Alvarez_Vilas', 1632.00, 18.00, 1, 5, 204),
('Carlos_Candeira_Abeledo', 3461.00, 20.00, 1, 4, 60),
('Carlos_Candeira_Araujo', 2414.00, 18.00, 1, 6, 204),
('Carlos_Candeira_Carrera', 4607.00, 30.00, 1, 5, 204),
('Carlos_Candeira_Cerqueira', 1692.00, 18.00, 1, 5, 204),
('Carlos_Candeira_Gonzalez', 1337.00, 18.00, 1, 5, 204),
('Carlos_Candeira_Oset', 3494.00, 20.00, 1, 3, 66),
('Carlos_Candeira_Pereira', 4503.00, 30.00, 1, 1, 119),
('Carlos_Casas_Abeledo', 4447.00, 30.00, 1, 5, 204),
('Carlos_Casas_Cerqueira', 2756.00, 18.00, 1, 6, 32),
('Carlos_Casas_Gonzalez', 4530.00, 30.00, 1, 4, 204),
('Carlos_Casas_Oset', 2883.00, 18.00, 1, 5, 62),
('Carlos_Casas_Sanchez', 1605.00, 18.00, 1, 5, 204),
('Carlos_da_Silva_Abeledo', 3936.00, 20.00, 1, 4, 204),
('Carlos_da_Silva_Cerqueira', 4066.00, 30.00, 1, 4, 204),
('Carlos_da_Silva_Fernandez', 1545.00, 18.00, 1, 4, 204),
('Carlos_da_Silva_Iglesias', 4499.00, 30.00, 1, 5, 204),
('Carlos_da_Silva_Sanchez', 1103.00, 18.00, 1, 5, 171),
('Carlos_Dominguez_Araujo', 4878.00, 30.00, 1, 3, 204),
('Carlos_Dominguez_Cerqueira', 4983.00, 30.00, 1, 5, 59),
('Carlos_Dominguez_Iglesias', 4306.00, 30.00, 1, 5, 204),
('Carlos_Fernandez_Carrera', 1622.00, 18.00, 1, 4, 204),
('Carlos_Fernandez_Groba', 4131.00, 30.00, 1, 3, 204),
('Carlos_Fernandez_Iglesias', 3504.00, 20.00, 1, 1, 87),
('Carlos_Fernandez_Pereira', 1240.00, 18.00, 1, 5, 22),
('Carlos_Fernandez_Sanchez', 3846.00, 20.00, 1, 1, 204),
('Carlos_Fernandez_Vilas', 3173.00, 20.00, 1, 4, 204),
('Carlos_Ferreira_Abeledo', 1118.00, 18.00, 1, 1, 204),
('Carlos_Ferreira_Fernandez', 1935.00, 18.00, 1, 1, 204),
('Carlos_Ferreira_Pereira', 2373.00, 18.00, 1, 5, 204),
('Carlos_Ferreira_Vilas', 1560.00, 18.00, 1, 5, 65),
('Carlos_Giraldez_Abeledo', 3632.00, 20.00, 1, 1, 204),
('Carlos_Giraldez_Araujo', 1885.00, 18.00, 1, 6, 204),
('Carlos_Giraldez_Fernandez', 4490.00, 30.00, 1, 3, 204),
('Carlos_Giraldez_Gonzalez', 2743.00, 18.00, 1, 5, 67),
('Carlos_Giraldez_Iglesias', 3239.00, 20.00, 1, 3, 204),
('Carlos_Giraldez_Oset', 2957.00, 18.00, 1, 6, 189),
('Carlos_Giraldez_Sanchez', 4655.00, 30.00, 1, 5, 204),
('Carlos_Giraldez_Vilas', 2055.00, 18.00, 1, 1, 204),
('Carlos_Gonzalez_Araujo', 2153.00, 18.00, 1, 3, 226),
('Carlos_Gonzalez_Cerqueira', 1976.00, 18.00, 1, 3, 153),
('Carlos_Gonzalez_Fernandez', 3280.00, 20.00, 1, 1, 204),
('Carlos_Gonzalez_Groba', 2428.00, 18.00, 1, 4, 204),
('Carlos_Juncal_Carrera', 1399.00, 18.00, 1, 6, 204),
('Carlos_Juncal_Fernandez', 2396.00, 18.00, 1, 3, 204),
('Carlos_Juncal_Iglesias', 1744.00, 18.00, 1, 4, 204),
('Carlos_Juncal_Vilas', 3740.00, 20.00, 1, 3, 204),
('Carlos_Montes_Abeledo', 1731.00, 18.00, 1, 4, 204),
('Carlos_Montes_Carrera', 1576.00, 18.00, 1, 5, 204),
('Carlos_Montes_Oset', 2390.00, 18.00, 1, 4, 204),
('Carlos_Sanchez_Abeledo', 4337.00, 30.00, 1, 5, 76),
('Carlos_Sanchez_Araujo', 2113.00, 18.00, 1, 5, 60),
('Carlos_Sanchez_Oset', 3394.00, 20.00, 1, 5, 130),
('Carlos_Sanchez_Vilas', 1405.00, 18.00, 1, 3, 204),
('Carlos_Suarez_Abeledo', 4791.00, 30.00, 1, 4, 174),
('Carlos_Suarez_Araujo', 2963.00, 18.00, 1, 5, 94),
('Carlos_Suarez_Carrera', 1740.00, 18.00, 1, 1, 204),
('Carlos_Suarez_Cerqueira', 2719.00, 18.00, 1, 3, 204),
('Carlos_Suarez_Gonzalez', 3823.00, 20.00, 1, 6, 72),
('Carlos_Suarez_Pereira', 4263.00, 30.00, 1, 4, 204),
('Cristopher_Alvarez_Araujo', 1562.00, 18.00, 1, 4, 204),
('Cristopher_Alvarez_Gonzalez', 3099.00, 20.00, 1, 4, 204),
('Cristopher_Alvarez_Groba', 3732.00, 20.00, 1, 6, 204),
('Cristopher_Alvarez_Oset', 2584.00, 18.00, 1, 1, 204),
('Cristopher_Alvarez_Pereira', 4759.00, 30.00, 1, 4, 204),
('Cristopher_Alvarez_Sanchez', 2262.00, 18.00, 1, 1, 87),
('Cristopher_Alvarez_Vilas', 4113.00, 30.00, 1, 6, 204),
('Cristopher_Candeira_Araujo', 2272.00, 18.00, 1, 6, 6),
('Cristopher_Candeira_Carrera', 1014.00, 18.00, 1, 5, 50),
('Cristopher_Candeira_Cerqueira', 1370.00, 18.00, 1, 4, 204),
('Cristopher_Candeira_Groba', 1866.00, 18.00, 1, 6, 204),
('Cristopher_Candeira_Iglesias', 4560.00, 30.00, 1, 3, 71),
('Cristopher_Candeira_Oset', 3751.00, 20.00, 1, 3, 204),
('Cristopher_Candeira_Vilas', 3984.00, 20.00, 1, 5, 204),
('Cristopher_Casas_Araujo', 3585.00, 20.00, 1, 3, 128),
('Cristopher_Casas_Carrera', 3766.00, 20.00, 1, 3, 204),
('Cristopher_Casas_Groba', 2940.00, 18.00, 1, 4, 204),
('Cristopher_Casas_Sanchez', 2375.00, 18.00, 1, 5, 238),
('Cristopher_da_Silva_Cerqueira', 1926.00, 18.00, 1, 3, 204),
('Cristopher_da_Silva_Pereira', 2962.00, 18.00, 1, 3, 204),
('Cristopher_Fernandez_Cerqueira', 4641.00, 30.00, 1, 3, 204),
('Cristopher_Fernandez_Gonzalez', 3089.00, 20.00, 1, 6, 204),
('Cristopher_Fernandez_Iglesias', 3805.00, 20.00, 1, 5, 204),
('Cristopher_Fernandez_Sanchez', 3114.00, 20.00, 1, 3, 204),
('Cristopher_Ferreira_Gonzalez', 1326.00, 18.00, 1, 1, 204),
('Cristopher_Ferreira_Oset', 2045.00, 18.00, 1, 5, 204),
('Cristopher_Ferreira_Sanchez', 3971.00, 20.00, 1, 6, 204),
('Cristopher_Giraldez_Abeledo', 2012.00, 18.00, 1, 5, 204),
('Cristopher_Giraldez_Carrera', 2613.00, 18.00, 1, 3, 84),
('Cristopher_Giraldez_Cerqueira', 2874.00, 18.00, 1, 3, 70),
('Cristopher_Giraldez_Fernandez', 3075.00, 20.00, 1, 5, 204),
('Cristopher_Giraldez_Gonzalez', 3662.00, 20.00, 1, 4, 204),
('Cristopher_Giraldez_Sanchez', 1401.00, 18.00, 1, 3, 204),
('Cristopher_Gonzalez_Abeledo', 1689.00, 18.00, 1, 5, 204),
('Cristopher_Gonzalez_Araujo', 3310.00, 20.00, 1, 4, 204),
('Cristopher_Gonzalez_Cerqueira', 2143.00, 18.00, 1, 3, 204),
('Cristopher_Gonzalez_Fernandez', 3138.00, 20.00, 1, 5, 204),
('Cristopher_Juncal_Abeledo', 3385.00, 20.00, 1, 3, 204),
('Cristopher_Juncal_Araujo', 2820.00, 18.00, 1, 4, 204),
('Cristopher_Juncal_Gonzalez', 4809.00, 30.00, 1, 5, 204),
('Cristopher_Juncal_Iglesias', 4262.00, 30.00, 1, 3, 204),
('Cristopher_Montes_Araujo', 2919.00, 18.00, 1, 1, 204),
('Cristopher_Montes_Carrera', 1738.00, 18.00, 1, 4, 204),
('Cristopher_Montes_Fernandez', 4793.00, 30.00, 1, 5, 204),
('Cristopher_Montes_Iglesias', 4010.00, 30.00, 1, 5, 204),
('Cristopher_Montes_Sanchez', 1029.00, 18.00, 1, 4, 204),
('Cristopher_Montes_Vilas', 4658.00, 30.00, 1, 4, 204),
('Cristopher_Sanchez_Fernandez', 2384.00, 18.00, 1, 5, 204),
('Cristopher_Sanchez_Groba', 2586.00, 18.00, 1, 1, 204),
('Cristopher_Sanchez_Pereira', 2792.00, 18.00, 1, 5, 204),
('Cristopher_Suarez_Cerqueira', 1685.00, 18.00, 1, 5, 204),
('Cristopher_Suarez_Fernandez', 1324.00, 18.00, 1, 5, 204),
('Cristopher_Suarez_Pereira', 1330.00, 18.00, 1, 5, 204),
('Cristopher_Suarez_Vilas', 3959.00, 20.00, 1, 3, 204),
('desarrollador', 3000.00, 20.00, 1, 2, 204),
('Erik_Alvarez_Cerqueira', 4560.00, 30.00, 1, 6, 204),
('Erik_Alvarez_Gonzalez', 2034.00, 18.00, 1, 4, 204),
('Erik_Alvarez_Pereira', 2010.00, 18.00, 1, 3, 204),
('Erik_Candeira_Araujo', 2956.00, 18.00, 1, 6, 204),
('Erik_Candeira_Carrera', 4006.00, 30.00, 1, 4, 204),
('Erik_Candeira_Iglesias', 4608.00, 30.00, 1, 4, 75),
('Erik_Candeira_Oset', 1127.00, 18.00, 1, 6, 204),
('Erik_Candeira_Pereira', 3638.00, 20.00, 1, 4, 204),
('Erik_Candeira_Sanchez', 3064.00, 20.00, 1, 5, 188),
('Erik_Candeira_Vilas', 1103.00, 18.00, 1, 1, 204),
('Erik_Casas_Carrera', 4970.00, 30.00, 1, 6, 114),
('Erik_Casas_Cerqueira', 2490.00, 18.00, 1, 6, 204),
('Erik_Casas_Fernandez', 4101.00, 30.00, 1, 5, 204),
('Erik_Casas_Gonzalez', 1178.00, 18.00, 1, 5, 130),
('Erik_Casas_Iglesias', 4601.00, 30.00, 1, 5, 204),
('Erik_da_Silva_Carrera', 3044.00, 20.00, 1, 1, 204),
('Erik_da_Silva_Fernandez', 4515.00, 30.00, 1, 3, 204),
('Erik_da_Silva_Gonzalez', 4462.00, 30.00, 1, 6, 113),
('Erik_da_Silva_Iglesias', 1256.00, 18.00, 1, 5, 204),
('Erik_da_Silva_Vilas', 4228.00, 30.00, 1, 3, 204),
('Erik_Dominguez_Abeledo', 4500.00, 30.00, 1, 5, 143),
('Erik_Dominguez_Carrera', 2434.00, 18.00, 1, 6, 204),
('Erik_Dominguez_Fernandez', 4456.00, 30.00, 1, 1, 204),
('Erik_Dominguez_Pereira', 1419.00, 18.00, 1, 6, 204),
('Erik_Dominguez_Sanchez', 3477.00, 20.00, 1, 1, 204),
('Erik_Fernandez_Abeledo', 1625.00, 18.00, 1, 3, 204),
('Erik_Fernandez_Araujo', 1269.00, 18.00, 1, 5, 204),
('Erik_Fernandez_Gonzalez', 4045.00, 30.00, 1, 5, 204),
('Erik_Fernandez_Oset', 2221.00, 18.00, 1, 3, 204),
('Erik_Ferreira_Abeledo', 3967.00, 20.00, 1, 6, 204),
('Erik_Ferreira_Araujo', 2958.00, 18.00, 1, 4, 204),
('Erik_Ferreira_Carrera', 2290.00, 18.00, 1, 5, 110),
('Erik_Ferreira_Cerqueira', 3425.00, 20.00, 1, 4, 204),
('Erik_Ferreira_Gonzalez', 2146.00, 18.00, 1, 4, 172),
('Erik_Ferreira_Groba', 2987.00, 18.00, 1, 4, 204),
('Erik_Ferreira_Pereira', 3801.00, 20.00, 1, 4, 204),
('Erik_Ferreira_Sanchez', 1261.00, 18.00, 1, 1, 204),
('Erik_Ferreira_Vilas', 3575.00, 20.00, 1, 6, 204),
('Erik_Giraldez_Abeledo', 4560.00, 30.00, 1, 3, 204),
('Erik_Giraldez_Araujo', 1757.00, 18.00, 1, 5, 196),
('Erik_Giraldez_Carrera', 2005.00, 18.00, 1, 5, 204),
('Erik_Giraldez_Cerqueira', 4063.00, 30.00, 1, 6, 204),
('Erik_Giraldez_Gonzalez', 1721.00, 18.00, 1, 1, 204),
('Erik_Giraldez_Oset', 4414.00, 30.00, 1, 5, 204),
('Erik_Giraldez_Pereira', 1163.00, 18.00, 1, 5, 204),
('Erik_Giraldez_Sanchez', 1578.00, 18.00, 1, 3, 204),
('Erik_Gonzalez_Carrera', 2116.00, 18.00, 1, 1, 204),
('Erik_Gonzalez_Cerqueira', 4040.00, 30.00, 1, 3, 204),
('Erik_Gonzalez_Groba', 2888.00, 18.00, 1, 3, 204),
('Erik_Gonzalez_Sanchez', 3931.00, 20.00, 1, 5, 61),
('Erik_Juncal_Abeledo', 3208.00, 20.00, 1, 3, 204),
('Erik_Juncal_Carrera', 1593.00, 18.00, 1, 4, 114),
('Erik_Juncal_Cerqueira', 1333.00, 18.00, 1, 1, 204),
('Erik_Juncal_Iglesias', 1344.00, 18.00, 1, 3, 204),
('Erik_Juncal_Pereira', 3464.00, 20.00, 1, 6, 204),
('Erik_Juncal_Sanchez', 4724.00, 30.00, 1, 5, 204),
('Erik_Montes_Araujo', 3420.00, 20.00, 1, 1, 204),
('Erik_Montes_Fernandez', 1750.00, 18.00, 1, 4, 204),
('Erik_Montes_Groba', 2594.00, 18.00, 1, 1, 204),
('Erik_Montes_Iglesias', 4021.00, 30.00, 1, 6, 146),
('Erik_Montes_Vilas', 4638.00, 30.00, 1, 6, 81),
('Erik_Sanchez_Abeledo', 4314.00, 30.00, 1, 4, 204),
('Erik_Sanchez_Gonzalez', 4960.00, 30.00, 1, 5, 68),
('Erik_Sanchez_Groba', 3341.00, 20.00, 1, 1, 55),
('Erik_Sanchez_Iglesias', 3628.00, 20.00, 1, 5, 204),
('Erik_Suarez_Abeledo', 1903.00, 18.00, 1, 5, 204),
('Erik_Suarez_Carrera', 1487.00, 18.00, 1, 5, 204),
('Erik_Suarez_Cerqueira', 2518.00, 18.00, 1, 1, 149),
('Erik_Suarez_Fernandez', 4838.00, 30.00, 1, 1, 204),
('Erik_Suarez_Pereira', 2916.00, 18.00, 1, 5, 204),
('Francisco_Alvarez_Araujo', 2554.00, 18.00, 1, 3, 204),
('Francisco_Alvarez_Fernandez', 4235.00, 30.00, 1, 5, 204),
('Francisco_Alvarez_Iglesias', 3923.00, 20.00, 1, 4, 229),
('Francisco_Alvarez_Oset', 4114.00, 30.00, 1, 5, 204),
('Francisco_Alvarez_Vilas', 4215.00, 30.00, 1, 4, 204),
('Francisco_Candeira_Araujo', 3306.00, 20.00, 1, 6, 204),
('Francisco_Candeira_Cerqueira', 2777.00, 18.00, 1, 3, 204),
('Francisco_Candeira_Fernandez', 4465.00, 30.00, 1, 6, 204),
('Francisco_Candeira_Gonzalez', 2603.00, 18.00, 1, 6, 204),
('Francisco_Candeira_Iglesias', 2864.00, 18.00, 1, 3, 204),
('Francisco_Candeira_Oset', 2596.00, 18.00, 1, 6, 204),
('Francisco_Casas_Araujo', 3416.00, 20.00, 1, 1, 225),
('Francisco_Casas_Vilas', 4593.00, 30.00, 1, 3, 204),
('Francisco_da_Silva_Araujo', 1562.00, 18.00, 1, 1, 132),
('Francisco_da_Silva_Cerqueira', 4434.00, 30.00, 1, 6, 204),
('Francisco_da_Silva_Fernandez', 3927.00, 20.00, 1, 5, 49),
('Francisco_da_Silva_Groba', 4290.00, 30.00, 1, 5, 204),
('Francisco_da_Silva_Oset', 1587.00, 18.00, 1, 4, 204),
('Francisco_Dominguez_Araujo', 2269.00, 18.00, 1, 5, 204),
('Francisco_Dominguez_Gonzalez', 2662.00, 18.00, 1, 6, 204),
('Francisco_Dominguez_Groba', 1325.00, 18.00, 1, 1, 204),
('Francisco_Dominguez_Iglesias', 3688.00, 20.00, 1, 1, 212),
('Francisco_Dominguez_Pereira', 4675.00, 30.00, 1, 5, 51),
('Francisco_Dominguez_Sanchez', 2955.00, 18.00, 1, 4, 204),
('Francisco_Fernandez_Abeledo', 2825.00, 18.00, 1, 4, 204),
('Francisco_Fernandez_Araujo', 1557.00, 18.00, 1, 5, 204),
('Francisco_Fernandez_Carrera', 4364.00, 30.00, 1, 5, 204),
('Francisco_Fernandez_Gonzalez', 4589.00, 30.00, 1, 4, 25),
('Francisco_Fernandez_Groba', 4285.00, 30.00, 1, 1, 204),
('Francisco_Fernandez_Iglesias', 2025.00, 18.00, 1, 3, 204),
('Francisco_Fernandez_Pereira', 3191.00, 20.00, 1, 6, 204),
('Francisco_Ferreira_Araujo', 1088.00, 18.00, 1, 1, 204),
('Francisco_Giraldez_Fernandez', 2039.00, 18.00, 1, 1, 204),
('Francisco_Giraldez_Oset', 1430.00, 18.00, 1, 1, 204),
('Francisco_Giraldez_Pereira', 4359.00, 30.00, 1, 6, 163),
('Francisco_Giraldez_Sanchez', 4118.00, 30.00, 1, 3, 204),
('Francisco_Gonzalez_Fernandez', 4825.00, 30.00, 1, 5, 204),
('Francisco_Gonzalez_Sanchez', 1274.00, 18.00, 1, 5, 121),
('Francisco_Gonzalez_Vilas', 2537.00, 18.00, 1, 3, 204),
('Francisco_Juncal_Carrera', 2108.00, 18.00, 1, 5, 204),
('Francisco_Juncal_Cerqueira', 3879.00, 20.00, 1, 6, 204),
('Francisco_Juncal_Gonzalez', 3687.00, 20.00, 1, 4, 204),
('Francisco_Juncal_Groba', 4751.00, 30.00, 1, 6, 204),
('Francisco_Juncal_Sanchez', 2062.00, 18.00, 1, 1, 18),
('Francisco_Montes_Carrera', 4576.00, 30.00, 1, 3, 204),
('Francisco_Montes_Cerqueira', 3377.00, 20.00, 1, 3, 204),
('Francisco_Montes_Fernandez', 1094.00, 18.00, 1, 4, 204),
('Francisco_Montes_Sanchez', 2667.00, 18.00, 1, 1, 204),
('Francisco_Montes_Vilas', 3129.00, 20.00, 1, 5, 204),
('Francisco_Sanchez_Araujo', 3730.00, 20.00, 1, 6, 200),
('Francisco_Sanchez_Cerqueira', 3561.00, 20.00, 1, 6, 237),
('Francisco_Sanchez_Fernandez', 4226.00, 30.00, 1, 1, 204),
('Francisco_Sanchez_Oset', 2504.00, 18.00, 1, 3, 204),
('Francisco_Sanchez_Pereira', 2153.00, 18.00, 1, 5, 193),
('Francisco_Suarez_Fernandez', 3510.00, 20.00, 1, 5, 204),
('Francisco_Suarez_Groba', 2701.00, 18.00, 1, 4, 204),
('Francisco_Suarez_Pereira', 2627.00, 18.00, 1, 4, 204),
('Iv__n_Alvarez_Araujo', 4805.00, 30.00, 1, 4, 204),
('Iv__n_Alvarez_Groba', 3119.00, 20.00, 1, 5, 204),
('Iv__n_Alvarez_Pereira', 1100.00, 18.00, 1, 4, 92),
('Iv__n_Candeira_Cerqueira', 3276.00, 20.00, 1, 1, 204),
('Iv__n_Candeira_Fernandez', 4189.00, 30.00, 1, 3, 204),
('Iv__n_Candeira_Iglesias', 1417.00, 18.00, 1, 1, 204),
('Iv__n_Candeira_Oset', 4612.00, 30.00, 1, 6, 236),
('Iv__n_Candeira_Sanchez', 4767.00, 30.00, 1, 5, 127),
('Iv__n_Candeira_Vilas', 2561.00, 18.00, 1, 5, 204),
('Iv__n_Casas_Abeledo', 1606.00, 18.00, 1, 6, 204),
('Iv__n_Casas_Cerqueira', 2165.00, 18.00, 1, 6, 204),
('Iv__n_Casas_Fernandez', 3117.00, 20.00, 1, 6, 204),
('Iv__n_Casas_Groba', 2696.00, 18.00, 1, 5, 204),
('Iv__n_Casas_Oset', 1012.00, 18.00, 1, 5, 35),
('Iv__n_Casas_Pereira', 3119.00, 20.00, 1, 4, 204),
('Iv__n_da_Silva_Fernandez', 4391.00, 30.00, 1, 4, 201),
('Iv__n_da_Silva_Gonzalez', 3999.00, 20.00, 1, 1, 204),
('Iv__n_da_Silva_Oset', 4492.00, 30.00, 1, 1, 180),
('Iv__n_da_Silva_Sanchez', 1794.00, 18.00, 1, 5, 204),
('Iv__n_da_Silva_Vilas', 3238.00, 20.00, 1, 1, 222),
('Iv__n_Dominguez_Abeledo', 1187.00, 18.00, 1, 4, 204),
('Iv__n_Dominguez_Gonzalez', 4597.00, 30.00, 1, 5, 178),
('Iv__n_Dominguez_Groba', 1286.00, 18.00, 1, 1, 190),
('Iv__n_Dominguez_Iglesias', 4647.00, 30.00, 1, 5, 204),
('Iv__n_Dominguez_Vilas', 4595.00, 30.00, 1, 1, 204),
('Iv__n_Fernandez_Abeledo', 3965.00, 20.00, 1, 1, 204),
('Iv__n_Fernandez_Oset', 2750.00, 18.00, 1, 5, 204),
('Iv__n_Fernandez_Pereira', 3128.00, 20.00, 1, 1, 204),
('Iv__n_Ferreira_Carrera', 1203.00, 18.00, 1, 1, 204),
('Iv__n_Ferreira_Fernandez', 2791.00, 18.00, 1, 4, 204),
('Iv__n_Ferreira_Iglesias', 3229.00, 20.00, 1, 3, 11),
('Iv__n_Ferreira_Pereira', 1141.00, 18.00, 1, 6, 228),
('Iv__n_Ferreira_Sanchez', 4218.00, 30.00, 1, 3, 158),
('Iv__n_Giraldez_Araujo', 4993.00, 30.00, 1, 5, 204),
('Iv__n_Giraldez_Carrera', 1049.00, 18.00, 1, 1, 204),
('Iv__n_Giraldez_Fernandez', 2931.00, 18.00, 1, 5, 229),
('Iv__n_Giraldez_Groba', 4579.00, 30.00, 1, 6, 204),
('Iv__n_Giraldez_Iglesias', 2662.00, 18.00, 1, 6, 204),
('Iv__n_Giraldez_Oset', 4454.00, 30.00, 1, 6, 204),
('Iv__n_Gonzalez_Abeledo', 1964.00, 18.00, 1, 1, 204),
('Iv__n_Gonzalez_Araujo', 3566.00, 20.00, 1, 4, 90),
('Iv__n_Gonzalez_Carrera', 1065.00, 18.00, 1, 6, 199),
('Iv__n_Gonzalez_Cerqueira', 3451.00, 20.00, 1, 3, 204),
('Iv__n_Gonzalez_Fernandez', 2114.00, 18.00, 1, 4, 204),
('Iv__n_Gonzalez_Gonzalez', 4738.00, 30.00, 1, 3, 204),
('Iv__n_Gonzalez_Groba', 1699.00, 18.00, 1, 1, 204),
('Iv__n_Gonzalez_Pereira', 2162.00, 18.00, 1, 5, 204),
('Iv__n_Gonzalez_Sanchez', 2767.00, 18.00, 1, 5, 196),
('Iv__n_Gonzalez_Vilas', 1697.00, 18.00, 1, 3, 236),
('Iv__n_Juncal_Abeledo', 4562.00, 30.00, 1, 4, 204),
('Iv__n_Juncal_Araujo', 4757.00, 30.00, 1, 1, 204),
('Iv__n_Juncal_Cerqueira', 4522.00, 30.00, 1, 5, 204),
('Iv__n_Juncal_Fernandez', 4623.00, 30.00, 1, 5, 147),
('Iv__n_Juncal_Gonzalez', 4445.00, 30.00, 1, 1, 204),
('Iv__n_Juncal_Groba', 2300.00, 18.00, 1, 5, 204),
('Iv__n_Juncal_Oset', 2775.00, 18.00, 1, 5, 204),
('Iv__n_Juncal_Pereira', 3412.00, 20.00, 1, 5, 239),
('Iv__n_Juncal_Sanchez', 1161.00, 18.00, 1, 6, 204),
('Iv__n_Montes_Araujo', 1465.00, 18.00, 1, 6, 4),
('Iv__n_Montes_Carrera', 4673.00, 30.00, 1, 5, 86),
('Iv__n_Montes_Groba', 3319.00, 20.00, 1, 4, 204),
('Iv__n_Montes_Oset', 1004.00, 18.00, 1, 1, 71),
('Iv__n_Montes_Pereira', 3638.00, 20.00, 1, 5, 204),
('Iv__n_Sanchez_Araujo', 2030.00, 18.00, 1, 5, 204),
('Iv__n_Sanchez_Carrera', 3468.00, 20.00, 1, 1, 228),
('Iv__n_Sanchez_Cerqueira', 3200.00, 20.00, 1, 4, 204),
('Iv__n_Sanchez_Fernandez', 1361.00, 18.00, 1, 6, 204),
('Iv__n_Sanchez_Gonzalez', 1257.00, 18.00, 1, 6, 185),
('Iv__n_Sanchez_Groba', 3519.00, 20.00, 1, 5, 204),
('Iv__n_Sanchez_Iglesias', 1692.00, 18.00, 1, 5, 85),
('Iv__n_Sanchez_Vilas', 3210.00, 20.00, 1, 4, 204),
('Iv__n_Suarez_Carrera', 2084.00, 18.00, 1, 5, 204),
('Iv__n_Suarez_Cerqueira', 3975.00, 20.00, 1, 5, 204),
('Iv__n_Suarez_Fernandez', 3583.00, 20.00, 1, 6, 190),
('Iv__n_Suarez_Iglesias', 2996.00, 18.00, 1, 6, 204),
('Iv__n_Suarez_Oset', 1172.00, 18.00, 1, 4, 139),
('Jose_Simon_Alvarez_Fernandez', 2432.00, 18.00, 1, 3, 204),
('Jose_Simon_Alvarez_Groba', 1493.00, 18.00, 1, 6, 204),
('Jose_Simon_Alvarez_Pereira', 3549.00, 20.00, 1, 4, 204),
('Jose_Simon_Alvarez_Sanchez', 2779.00, 18.00, 1, 5, 204),
('Jose_Simon_Alvarez_Vilas', 4701.00, 30.00, 1, 3, 204),
('Jose_Simon_Candeira_Carrera', 2986.00, 18.00, 1, 6, 138),
('Jose_Simon_Candeira_Oset', 1317.00, 18.00, 1, 3, 49),
('Jose_Simon_Casas_Carrera', 3449.00, 20.00, 1, 4, 204),
('Jose_Simon_Casas_Cerqueira', 2190.00, 18.00, 1, 3, 204),
('Jose_Simon_Casas_Fernandez', 2251.00, 18.00, 1, 5, 204),
('Jose_Simon_Casas_Groba', 4817.00, 30.00, 1, 1, 204),
('Jose_Simon_Casas_Oset', 1313.00, 18.00, 1, 6, 204),
('Jose_Simon_Casas_Pereira', 1444.00, 18.00, 1, 6, 204),
('Jose_Simon_Casas_Sanchez', 3773.00, 20.00, 1, 5, 204),
('Jose_Simon_da_Silva_Araujo', 4285.00, 30.00, 1, 4, 204),
('Jose_Simon_da_Silva_Carrera', 4406.00, 30.00, 1, 6, 204),
('Jose_Simon_da_Silva_Pereira', 2903.00, 18.00, 1, 3, 204),
('Jose_Simon_Dominguez_Araujo', 4417.00, 30.00, 1, 4, 204),
('Jose_Simon_Dominguez_Fernandez', 1981.00, 18.00, 1, 6, 25),
('Jose_Simon_Dominguez_Vilas', 1109.00, 18.00, 1, 1, 204),
('Jose_Simon_Fernandez_Abeledo', 1143.00, 18.00, 1, 5, 16),
('Jose_Simon_Fernandez_Araujo', 1495.00, 18.00, 1, 6, 204),
('Jose_Simon_Fernandez_Gonzalez', 3259.00, 20.00, 1, 5, 204),
('Jose_Simon_Fernandez_Groba', 3296.00, 20.00, 1, 3, 204),
('Jose_Simon_Fernandez_Iglesias', 4016.00, 30.00, 1, 4, 116),
('Jose_Simon_Fernandez_Sanchez', 1638.00, 18.00, 1, 4, 204),
('Jose_Simon_Fernandez_Vilas', 1950.00, 18.00, 1, 3, 204),
('Jose_Simon_Ferreira_Abeledo', 4539.00, 30.00, 1, 1, 204),
('Jose_Simon_Ferreira_Cerqueira', 2458.00, 18.00, 1, 4, 204),
('Jose_Simon_Ferreira_Gonzalez', 4096.00, 30.00, 1, 4, 204),
('Jose_Simon_Ferreira_Groba', 1552.00, 18.00, 1, 1, 204),
('Jose_Simon_Ferreira_Sanchez', 2887.00, 18.00, 1, 5, 204),
('Jose_Simon_Ferreira_Vilas', 4049.00, 30.00, 1, 5, 204),
('Jose_Simon_Giraldez_Abeledo', 4460.00, 30.00, 1, 6, 201),
('Jose_Simon_Giraldez_Pereira', 3325.00, 20.00, 1, 5, 173),
('Jose_Simon_Giraldez_Vilas', 1995.00, 18.00, 1, 5, 204),
('Jose_Simon_Gonzalez_Abeledo', 3657.00, 20.00, 1, 4, 87),
('Jose_Simon_Gonzalez_Carrera', 3902.00, 20.00, 1, 1, 204),
('Jose_Simon_Gonzalez_Cerqueira', 3244.00, 20.00, 1, 5, 204),
('Jose_Simon_Gonzalez_Iglesias', 3919.00, 20.00, 1, 4, 158),
('Jose_Simon_Gonzalez_Pereira', 4171.00, 30.00, 1, 6, 204),
('Jose_Simon_Gonzalez_Vilas', 4354.00, 30.00, 1, 3, 152),
('Jose_Simon_Juncal_Gonzalez', 1406.00, 18.00, 1, 4, 204),
('Jose_Simon_Juncal_Groba', 3088.00, 20.00, 1, 6, 204),
('Jose_Simon_Juncal_Iglesias', 1605.00, 18.00, 1, 3, 204),
('Jose_Simon_Juncal_Oset', 1169.00, 18.00, 1, 1, 204),
('Jose_Simon_Juncal_Sanchez', 4320.00, 30.00, 1, 5, 204),
('Jose_Simon_Montes_Araujo', 2070.00, 18.00, 1, 3, 204),
('Jose_Simon_Montes_Cerqueira', 3648.00, 20.00, 1, 5, 204),
('Jose_Simon_Montes_Gonzalez', 2921.00, 18.00, 1, 3, 204),
('Jose_Simon_Montes_Sanchez', 2415.00, 18.00, 1, 3, 204),
('Jose_Simon_Sanchez_Carrera', 2009.00, 18.00, 1, 6, 204),
('Jose_Simon_Sanchez_Cerqueira', 3129.00, 20.00, 1, 1, 204),
('Jose_Simon_Sanchez_Gonzalez', 3164.00, 20.00, 1, 3, 204),
('Jose_Simon_Sanchez_Groba', 3362.00, 20.00, 1, 4, 204),
('Jose_Simon_Sanchez_Iglesias', 2935.00, 18.00, 1, 5, 102),
('Jose_Simon_Sanchez_Oset', 1235.00, 18.00, 1, 5, 204),
('Jose_Simon_Sanchez_Pereira', 4135.00, 30.00, 1, 1, 204),
('Jose_Simon_Suarez_Groba', 1842.00, 18.00, 1, 5, 204),
('Jose_Simon_Suarez_Pereira', 2748.00, 18.00, 1, 3, 204),
('Marcos_Alvarez_Araujo', 4401.00, 30.00, 1, 5, 204),
('Marcos_Candeira_Araujo', 1548.00, 18.00, 1, 5, 204),
('Marcos_Candeira_Carrera', 2948.00, 18.00, 1, 1, 191),
('Marcos_Candeira_Cerqueira', 2697.00, 18.00, 1, 4, 204),
('Marcos_Candeira_Fernandez', 2945.00, 18.00, 1, 1, 204),
('Marcos_Candeira_Iglesias', 4999.00, 30.00, 1, 1, 38),
('Marcos_Casas_Cerqueira', 1657.00, 18.00, 1, 1, 204),
('Marcos_Casas_Groba', 1014.00, 18.00, 1, 6, 204),
('Marcos_Casas_Oset', 1050.00, 18.00, 1, 1, 195),
('Marcos_Casas_Pereira', 1436.00, 18.00, 1, 4, 68),
('Marcos_Casas_Vilas', 3789.00, 20.00, 1, 3, 204),
('Marcos_da_Silva_Abeledo', 3219.00, 20.00, 1, 5, 204),
('Marcos_da_Silva_Carrera', 3425.00, 20.00, 1, 1, 204),
('Marcos_da_Silva_Fernandez', 3606.00, 20.00, 1, 4, 204),
('Marcos_da_Silva_Groba', 3649.00, 20.00, 1, 5, 204),
('Marcos_da_Silva_Vilas', 1972.00, 18.00, 1, 5, 204),
('Marcos_Dominguez_Araujo', 3452.00, 20.00, 1, 5, 29),
('Marcos_Dominguez_Cerqueira', 3955.00, 20.00, 1, 4, 204),
('Marcos_Dominguez_Fernandez', 2120.00, 18.00, 1, 5, 204),
('Marcos_Dominguez_Gonzalez', 2716.00, 18.00, 1, 5, 204),
('Marcos_Dominguez_Iglesias', 4499.00, 30.00, 1, 3, 204),
('Marcos_Dominguez_Oset', 4597.00, 30.00, 1, 4, 204),
('Marcos_Dominguez_Pereira', 4107.00, 30.00, 1, 5, 81),
('Marcos_Dominguez_Vilas', 1022.00, 18.00, 1, 3, 204),
('Marcos_Fernandez_Araujo', 1841.00, 18.00, 1, 1, 32),
('Marcos_Fernandez_Carrera', 1845.00, 18.00, 1, 4, 204),
('Marcos_Fernandez_Gonzalez', 1050.00, 18.00, 1, 5, 204),
('Marcos_Fernandez_Vilas', 4961.00, 30.00, 1, 6, 204),
('Marcos_Ferreira_Abeledo', 2021.00, 18.00, 1, 1, 204),
('Marcos_Ferreira_Araujo', 2920.00, 18.00, 1, 3, 4),
('Marcos_Ferreira_Cerqueira', 4158.00, 30.00, 1, 6, 12),
('Marcos_Ferreira_Fernandez', 1779.00, 18.00, 1, 3, 204),
('Marcos_Ferreira_Gonzalez', 1069.00, 18.00, 1, 6, 204),
('Marcos_Ferreira_Groba', 2458.00, 18.00, 1, 1, 204),
('Marcos_Giraldez_Abeledo', 2414.00, 18.00, 1, 1, 204),
('Marcos_Giraldez_Cerqueira', 3053.00, 20.00, 1, 1, 204),
('Marcos_Giraldez_Fernandez', 1294.00, 18.00, 1, 4, 204),
('Marcos_Giraldez_Gonzalez', 4106.00, 30.00, 1, 5, 204),
('Marcos_Giraldez_Groba', 4827.00, 30.00, 1, 5, 204),
('Marcos_Giraldez_Iglesias', 2473.00, 18.00, 1, 6, 204),
('Marcos_Giraldez_Oset', 1681.00, 18.00, 1, 6, 204),
('Marcos_Giraldez_Pereira', 2744.00, 18.00, 1, 5, 161),
('Marcos_Giraldez_Vilas', 1083.00, 18.00, 1, 6, 204),
('Marcos_Gonzalez_Araujo', 4689.00, 30.00, 1, 1, 204),
('Marcos_Gonzalez_Cerqueira', 4536.00, 30.00, 1, 1, 204),
('Marcos_Gonzalez_Fernandez', 3512.00, 20.00, 1, 4, 204),
('Marcos_Gonzalez_Gonzalez', 4114.00, 30.00, 1, 4, 204),
('Marcos_Gonzalez_Groba', 4860.00, 30.00, 1, 3, 204),
('Marcos_Gonzalez_Pereira', 2608.00, 18.00, 1, 5, 204),
('Marcos_Gonzalez_Vilas', 3467.00, 20.00, 1, 3, 204),
('Marcos_Juncal_Cerqueira', 4208.00, 30.00, 1, 6, 204),
('Marcos_Juncal_Fernandez', 3872.00, 20.00, 1, 6, 38),
('Marcos_Juncal_Gonzalez', 1871.00, 18.00, 1, 3, 204),
('Marcos_Juncal_Sanchez', 1999.00, 18.00, 1, 1, 137),
('Marcos_Montes_Araujo', 2811.00, 18.00, 1, 6, 204),
('Marcos_Montes_Carrera', 2102.00, 18.00, 1, 1, 204),
('Marcos_Montes_Fernandez', 3756.00, 20.00, 1, 3, 204),
('Marcos_Montes_Gonzalez', 4769.00, 30.00, 1, 1, 204),
('Marcos_Montes_Oset', 1116.00, 18.00, 1, 5, 204),
('Marcos_Sanchez_Abeledo', 3538.00, 20.00, 1, 3, 215),
('Marcos_Sanchez_Oset', 2401.00, 18.00, 1, 1, 204),
('Marcos_Sanchez_Pereira', 1442.00, 18.00, 1, 3, 204),
('Marcos_Sanchez_Sanchez', 4625.00, 30.00, 1, 5, 204),
('Marcos_Sanchez_Vilas', 1558.00, 18.00, 1, 5, 204),
('Marcos_Suarez_Abeledo', 1233.00, 18.00, 1, 5, 204),
('Marcos_Suarez_Cerqueira', 4412.00, 30.00, 1, 5, 204),
('Marcos_Suarez_Fernandez', 3164.00, 20.00, 1, 6, 204),
('Marcos_Suarez_Groba', 3758.00, 20.00, 1, 3, 204),
('Marcos_Suarez_Iglesias', 1381.00, 18.00, 1, 1, 204),
('Marcos_Suarez_Sanchez', 1339.00, 18.00, 1, 5, 204),
('Marcos_Suarez_Vilas', 2927.00, 18.00, 1, 3, 204),
('Mauricio_Alvarez_Cerqueira', 1190.00, 18.00, 1, 3, 204),
('Mauricio_Alvarez_Fernandez', 1890.00, 18.00, 1, 5, 204),
('Mauricio_Alvarez_Iglesias', 2782.00, 18.00, 1, 5, 204),
('Mauricio_Alvarez_Oset', 4574.00, 30.00, 1, 3, 91),
('Mauricio_Candeira_Araujo', 1532.00, 18.00, 1, 3, 204),
('Mauricio_Candeira_Carrera', 1777.00, 18.00, 1, 6, 131),
('Mauricio_Candeira_Cerqueira', 4495.00, 30.00, 1, 1, 204),
('Mauricio_Candeira_Gonzalez', 1112.00, 18.00, 1, 1, 204),
('Mauricio_Candeira_Iglesias', 3603.00, 20.00, 1, 3, 204),
('Mauricio_Candeira_Pereira', 1085.00, 18.00, 1, 3, 204),
('Mauricio_Candeira_Sanchez', 3445.00, 20.00, 1, 3, 169),
('Mauricio_Candeira_Vilas', 3310.00, 20.00, 1, 3, 231),
('Mauricio_Casas_Abeledo', 3747.00, 20.00, 1, 4, 204),
('Mauricio_Casas_Araujo', 3873.00, 20.00, 1, 3, 204),
('Mauricio_Casas_Carrera', 3663.00, 20.00, 1, 5, 204),
('Mauricio_Casas_Fernandez', 4753.00, 30.00, 1, 6, 123),
('Mauricio_Casas_Gonzalez', 2129.00, 18.00, 1, 3, 56),
('Mauricio_Casas_Groba', 3394.00, 20.00, 1, 6, 204),
('Mauricio_Casas_Iglesias', 3761.00, 20.00, 1, 6, 22),
('Mauricio_Casas_Oset', 2156.00, 18.00, 1, 3, 204),
('Mauricio_Casas_Sanchez', 2545.00, 18.00, 1, 5, 204),
('Mauricio_da_Silva_Carrera', 3495.00, 20.00, 1, 3, 164),
('Mauricio_da_Silva_Cerqueira', 3964.00, 20.00, 1, 6, 204),
('Mauricio_da_Silva_Fernandez', 3631.00, 20.00, 1, 1, 204),
('Mauricio_da_Silva_Gonzalez', 2627.00, 18.00, 1, 4, 194),
('Mauricio_da_Silva_Oset', 2919.00, 18.00, 1, 5, 204),
('Mauricio_da_Silva_Sanchez', 1803.00, 18.00, 1, 1, 204),
('Mauricio_Dominguez_Araujo', 2639.00, 18.00, 1, 3, 204),
('Mauricio_Dominguez_Oset', 2056.00, 18.00, 1, 4, 204),
('Mauricio_Dominguez_Vilas', 1555.00, 18.00, 1, 4, 204),
('Mauricio_Fernandez_Abeledo', 3904.00, 20.00, 1, 6, 230),
('Mauricio_Fernandez_Fernandez', 1154.00, 18.00, 1, 1, 204),
('Mauricio_Fernandez_Gonzalez', 1786.00, 18.00, 1, 3, 204),
('Mauricio_Fernandez_Oset', 2972.00, 18.00, 1, 3, 204),
('Mauricio_Ferreira_Abeledo', 3802.00, 20.00, 1, 4, 204),
('Mauricio_Ferreira_Araujo', 1968.00, 18.00, 1, 3, 204),
('Mauricio_Ferreira_Groba', 3364.00, 20.00, 1, 5, 101),
('Mauricio_Ferreira_Iglesias', 2763.00, 18.00, 1, 4, 204),
('Mauricio_Ferreira_Oset', 2995.00, 18.00, 1, 5, 204),
('Mauricio_Ferreira_Pereira', 1109.00, 18.00, 1, 5, 204),
('Mauricio_Ferreira_Sanchez', 1051.00, 18.00, 1, 6, 204),
('Mauricio_Ferreira_Vilas', 1903.00, 18.00, 1, 1, 204),
('Mauricio_Giraldez_Abeledo', 4494.00, 30.00, 1, 1, 204),
('Mauricio_Giraldez_Araujo', 3128.00, 20.00, 1, 5, 26),
('Mauricio_Giraldez_Cerqueira', 2490.00, 18.00, 1, 5, 204),
('Mauricio_Giraldez_Fernandez', 3320.00, 20.00, 1, 6, 59),
('Mauricio_Giraldez_Groba', 3858.00, 20.00, 1, 1, 204),
('Mauricio_Giraldez_Iglesias', 4413.00, 30.00, 1, 4, 204),
('Mauricio_Giraldez_Sanchez', 2293.00, 18.00, 1, 5, 204),
('Mauricio_Giraldez_Vilas', 2843.00, 18.00, 1, 1, 204),
('Mauricio_Gonzalez_Abeledo', 1445.00, 18.00, 1, 6, 204),
('Mauricio_Gonzalez_Araujo', 4769.00, 30.00, 1, 5, 204),
('Mauricio_Gonzalez_Carrera', 4809.00, 30.00, 1, 3, 204),
('Mauricio_Gonzalez_Iglesias', 2706.00, 18.00, 1, 6, 204),
('Mauricio_Gonzalez_Sanchez', 4565.00, 30.00, 1, 5, 74),
('Mauricio_Juncal_Abeledo', 1078.00, 18.00, 1, 5, 112),
('Mauricio_Juncal_Pereira', 1894.00, 18.00, 1, 5, 204),
('Mauricio_Juncal_Sanchez', 4379.00, 30.00, 1, 1, 86),
('Mauricio_Montes_Iglesias', 3738.00, 20.00, 1, 3, 204),
('Mauricio_Sanchez_Cerqueira', 2664.00, 18.00, 1, 5, 164),
('Mauricio_Sanchez_Iglesias', 2402.00, 18.00, 1, 6, 204),
('Mauricio_Sanchez_Pereira', 1421.00, 18.00, 1, 1, 54),
('Mauricio_Sanchez_Sanchez', 3128.00, 20.00, 1, 3, 204),
('Mauricio_Sanchez_Vilas', 1978.00, 18.00, 1, 6, 204),
('Mauricio_Suarez_Abeledo', 1489.00, 18.00, 1, 6, 204),
('Mauricio_Suarez_Araujo', 3364.00, 20.00, 1, 6, 204),
('Mauricio_Suarez_Iglesias', 2699.00, 18.00, 1, 4, 204),
('Mauricio_Suarez_Oset', 2745.00, 18.00, 1, 4, 204),
('Mauricio_Suarez_Sanchez', 2521.00, 18.00, 1, 3, 204),
('Miguel_Alvarez_Groba', 3548.00, 20.00, 1, 6, 204),
('Miguel_Alvarez_Iglesias', 4400.00, 30.00, 1, 3, 204),
('Miguel_Alvarez_Oset', 4586.00, 30.00, 1, 1, 204),
('Miguel_Candeira_Carrera', 3967.00, 20.00, 1, 5, 204),
('Miguel_Candeira_Fernandez', 1872.00, 18.00, 1, 3, 204),
('Miguel_Candeira_Iglesias', 1580.00, 18.00, 1, 3, 204),
('Miguel_Candeira_Pereira', 3637.00, 20.00, 1, 6, 204),
('Miguel_Candeira_Sanchez', 1548.00, 18.00, 1, 4, 73),
('Miguel_Casas_Araujo', 3206.00, 20.00, 1, 1, 204),
('Miguel_Casas_Groba', 2111.00, 18.00, 1, 4, 90),
('Miguel_Casas_Iglesias', 3573.00, 20.00, 1, 1, 48),
('Miguel_Casas_Oset', 1821.00, 18.00, 1, 4, 204),
('Miguel_Casas_Sanchez', 4496.00, 30.00, 1, 4, 204),
('Miguel_da_Silva_Gonzalez', 1744.00, 18.00, 1, 4, 204),
('Miguel_da_Silva_Groba', 1243.00, 18.00, 1, 1, 204),
('Miguel_da_Silva_Iglesias', 1341.00, 18.00, 1, 1, 133),
('Miguel_Dominguez_Abeledo', 1713.00, 18.00, 1, 6, 204),
('Miguel_Dominguez_Fernandez', 2129.00, 18.00, 1, 5, 73),
('Miguel_Dominguez_Groba', 3161.00, 20.00, 1, 4, 204),
('Miguel_Fernandez_Abeledo', 1651.00, 18.00, 1, 5, 204),
('Miguel_Fernandez_Carrera', 3762.00, 20.00, 1, 5, 204),
('Miguel_Fernandez_Pereira', 4391.00, 30.00, 1, 1, 204),
('Miguel_Ferreira_Carrera', 2724.00, 18.00, 1, 4, 204),
('Miguel_Ferreira_Cerqueira', 2823.00, 18.00, 1, 5, 204),
('Miguel_Ferreira_Fernandez', 1698.00, 18.00, 1, 3, 204),
('Miguel_Ferreira_Gonzalez', 2606.00, 18.00, 1, 4, 204),
('Miguel_Ferreira_Pereira', 1410.00, 18.00, 1, 3, 204),
('Miguel_Ferreira_Vilas', 1250.00, 18.00, 1, 4, 204),
('Miguel_Giraldez_Cerqueira', 3857.00, 20.00, 1, 5, 204),
('Miguel_Giraldez_Groba', 2698.00, 18.00, 1, 3, 204),
('Miguel_Giraldez_Iglesias', 4549.00, 30.00, 1, 3, 204),
('Miguel_Giraldez_Pereira', 4425.00, 30.00, 1, 4, 18),
('Miguel_Gonzalez_Carrera', 4000.00, 30.00, 1, 4, 116),
('Miguel_Gonzalez_Groba', 3707.00, 20.00, 1, 1, 125),
('Miguel_Gonzalez_Iglesias', 1680.00, 18.00, 1, 4, 204),
('Miguel_Gonzalez_Oset', 1814.00, 18.00, 1, 5, 204),
('Miguel_Gonzalez_Sanchez', 1207.00, 18.00, 1, 4, 204),
('Miguel_Gonzalez_Vilas', 3341.00, 20.00, 1, 5, 28),
('Miguel_Juncal_Carrera', 1375.00, 18.00, 1, 6, 3),
('Miguel_Juncal_Cerqueira', 3049.00, 20.00, 1, 5, 204),
('Miguel_Juncal_Fernandez', 1299.00, 18.00, 1, 4, 204),
('Miguel_Juncal_Oset', 3805.00, 20.00, 1, 3, 204),
('Miguel_Juncal_Pereira', 3597.00, 20.00, 1, 5, 204),
('Miguel_Montes_Cerqueira', 3189.00, 20.00, 1, 4, 155),
('Miguel_Montes_Gonzalez', 4070.00, 30.00, 1, 6, 204),
('Miguel_Montes_Groba', 2202.00, 18.00, 1, 5, 204),
('Miguel_Montes_Pereira', 3128.00, 20.00, 1, 6, 204),
('Miguel_Montes_Sanchez', 4135.00, 30.00, 1, 1, 71),
('Miguel_Montes_Vilas', 4909.00, 30.00, 1, 5, 204),
('Miguel_Sanchez_Carrera', 2132.00, 18.00, 1, 4, 39),
('Miguel_Sanchez_Gonzalez', 2114.00, 18.00, 1, 5, 204),
('Miguel_Sanchez_Oset', 3234.00, 20.00, 1, 3, 164),
('Miguel_Suarez_Carrera', 3501.00, 20.00, 1, 3, 49),
('Miguel_Suarez_Cerqueira', 4036.00, 30.00, 1, 5, 57),
('Miguel_Suarez_Fernandez', 4883.00, 30.00, 1, 5, 204),
('Miguel_Suarez_Oset', 2017.00, 18.00, 1, 6, 204),
('Miguel_Suarez_Pereira', 1397.00, 18.00, 1, 3, 204),
('Nuria_Maria_Alvarez_Carrera', 2328.00, 18.00, 1, 6, 204),
('Nuria_Maria_Alvarez_Cerqueira', 4449.00, 30.00, 1, 5, 204),
('Nuria_Maria_Alvarez_Fernandez', 4892.00, 30.00, 1, 3, 204),
('Nuria_Maria_Alvarez_Gonzalez', 2579.00, 18.00, 1, 6, 44),
('Nuria_Maria_Alvarez_Groba', 3220.00, 20.00, 1, 1, 70),
('Nuria_Maria_Alvarez_Oset', 2160.00, 18.00, 1, 5, 204),
('Nuria_Maria_Alvarez_Vilas', 4157.00, 30.00, 1, 5, 204),
('Nuria_Maria_Candeira_Abeledo', 2185.00, 18.00, 1, 5, 204),
('Nuria_Maria_Candeira_Araujo', 2442.00, 18.00, 1, 3, 204),
('Nuria_Maria_Candeira_Gonzalez', 1318.00, 18.00, 1, 5, 204),
('Nuria_Maria_Candeira_Groba', 1922.00, 18.00, 1, 6, 204),
('Nuria_Maria_Candeira_Oset', 2976.00, 18.00, 1, 5, 227),
('Nuria_Maria_Candeira_Sanchez', 4346.00, 30.00, 1, 3, 68),
('Nuria_Maria_Casas_Araujo', 4754.00, 30.00, 1, 3, 204),
('Nuria_Maria_Casas_Carrera', 1815.00, 18.00, 1, 1, 216),
('Nuria_Maria_Casas_Cerqueira', 3304.00, 20.00, 1, 5, 204),
('Nuria_Maria_Casas_Fernandez', 3872.00, 20.00, 1, 4, 3),
('Nuria_Maria_Casas_Iglesias', 1423.00, 18.00, 1, 6, 204),
('Nuria_Maria_Casas_Oset', 4992.00, 30.00, 1, 5, 204),
('Nuria_Maria_Casas_Pereira', 4388.00, 30.00, 1, 6, 69),
('Nuria_Maria_Casas_Sanchez', 2010.00, 18.00, 1, 4, 204),
('Nuria_Maria_Casas_Vilas', 3443.00, 20.00, 1, 4, 46),
('Nuria_Maria_da_Silva_Abeledo', 2104.00, 18.00, 1, 4, 204),
('Nuria_Maria_da_Silva_Carrera', 3429.00, 20.00, 1, 3, 204),
('Nuria_Maria_da_Silva_Fernandez', 2398.00, 18.00, 1, 6, 204),
('Nuria_Maria_da_Silva_Iglesias', 2400.00, 18.00, 1, 3, 188),
('Nuria_Maria_Dominguez_Abeledo', 1196.00, 18.00, 1, 5, 204),
('Nuria_Maria_Dominguez_Araujo', 3648.00, 20.00, 1, 6, 204),
('Nuria_Maria_Dominguez_Cerqueira', 2021.00, 18.00, 1, 3, 204),
('Nuria_Maria_Dominguez_Fernandez', 1746.00, 18.00, 1, 1, 204),
('Nuria_Maria_Dominguez_Gonzalez', 4221.00, 30.00, 1, 4, 204),
('Nuria_Maria_Dominguez_Vilas', 1354.00, 18.00, 1, 1, 204),
('Nuria_Maria_Fernandez_Fernandez', 2133.00, 18.00, 1, 5, 204),
('Nuria_Maria_Fernandez_Gonzalez', 2280.00, 18.00, 1, 1, 204),
('Nuria_Maria_Fernandez_Iglesias', 1359.00, 18.00, 1, 6, 204),
('Nuria_Maria_Ferreira_Araujo', 4734.00, 30.00, 1, 1, 204),
('Nuria_Maria_Ferreira_Cerqueira', 1268.00, 18.00, 1, 6, 204),
('Nuria_Maria_Ferreira_Gonzalez', 1540.00, 18.00, 1, 4, 154),
('Nuria_Maria_Ferreira_Groba', 1581.00, 18.00, 1, 5, 204),
('Nuria_Maria_Ferreira_Oset', 4251.00, 30.00, 1, 3, 204),
('Nuria_Maria_Giraldez_Fernandez', 4261.00, 30.00, 1, 3, 204),
('Nuria_Maria_Giraldez_Groba', 2153.00, 18.00, 1, 5, 204),
('Nuria_Maria_Giraldez_Oset', 1630.00, 18.00, 1, 1, 204),
('Nuria_Maria_Gonzalez_Oset', 1851.00, 18.00, 1, 5, 204),
('Nuria_Maria_Gonzalez_Pereira', 4834.00, 30.00, 1, 5, 204),
('Nuria_Maria_Gonzalez_Sanchez', 4902.00, 30.00, 1, 1, 204),
('Nuria_Maria_Juncal_Araujo', 3882.00, 20.00, 1, 4, 204),
('Nuria_Maria_Juncal_Gonzalez', 2737.00, 18.00, 1, 6, 182),
('Nuria_Maria_Juncal_Iglesias', 1426.00, 18.00, 1, 3, 191),
('Nuria_Maria_Juncal_Oset', 2286.00, 18.00, 1, 5, 204),
('Nuria_Maria_Montes_Abeledo', 1209.00, 18.00, 1, 4, 204),
('Nuria_Maria_Montes_Gonzalez', 3144.00, 20.00, 1, 5, 186),
('Nuria_Maria_Montes_Iglesias', 4473.00, 30.00, 1, 5, 204),
('Nuria_Maria_Montes_Pereira', 2716.00, 18.00, 1, 5, 204),
('Nuria_Maria_Montes_Sanchez', 4948.00, 30.00, 1, 4, 204),
('Nuria_Maria_Montes_Vilas', 3324.00, 20.00, 1, 5, 152),
('Nuria_Maria_Sanchez_Cerqueira', 4519.00, 30.00, 1, 1, 204),
('Nuria_Maria_Sanchez_Fernandez', 2606.00, 18.00, 1, 3, 204),
('Nuria_Maria_Sanchez_Groba', 2167.00, 18.00, 1, 4, 204),
('Nuria_Maria_Sanchez_Oset', 4077.00, 30.00, 1, 5, 204),
('Nuria_Maria_Sanchez_Pereira', 1436.00, 18.00, 1, 5, 204),
('Nuria_Maria_Suarez_Carrera', 2606.00, 18.00, 1, 3, 143),
('Nuria_Maria_Suarez_Cerqueira', 2785.00, 18.00, 1, 5, 204),
('Nuria_Maria_Suarez_Groba', 2520.00, 18.00, 1, 1, 204),
('Nuria_Maria_Suarez_Pereira', 1666.00, 18.00, 1, 1, 89),
('Nuria_Maria_Suarez_Vilas', 4338.00, 30.00, 1, 5, 199);

-- --------------------------------------------------------

--
-- Estructura de tabla para la tabla `usuario_sistema`
--

CREATE TABLE `usuario_sistema` (
  `id_usuario` int NOT NULL,
  `id_rol` int NOT NULL DEFAULT '1',
  `email` varchar(255) NOT NULL,
  `pass` varchar(255) NOT NULL,
  `nombre` varchar(255) NOT NULL,
  `last_date` datetime DEFAULT NULL,
  `idioma` char(2) NOT NULL DEFAULT 'es',
  `baja` int NOT NULL DEFAULT '0'
) ENGINE=InnoDB DEFAULT CHARSET=utf8mb4 COLLATE=utf8mb4_general_ci;

--
-- Volcado de datos para la tabla `usuario_sistema`
--

INSERT INTO `usuario_sistema` (`id_usuario`, `id_rol`, `email`, `pass`, `nombre`, `last_date`, `idioma`, `baja`) VALUES
(1, 1, 'admin@test.org', '$2y$10$xT91VzjaschX37k0rX91G.PP2pocCDLUAQ1x5bQORrihEX4KsB1Du', 'Administrador', '2021-09-11 18:36:42', 'es', 0),
(93, 1, 'admin2@test.org', '$2y$10$3Wh/w.vG8CNOhM.e3nSi6O8qS/4um.dgHiHQ4NwvKY5lB3i0Zvrtu', 'Test', NULL, 'es', 0),
(94, 3, 'staff@test.org', '$2y$10$8Gsklks.aGGXPo610QZdTubq/KNgUR1xjbAljXZaYa1cdOfpPcTsa', 'Staff', NULL, 'es', 0);

--
-- Índices para tablas volcadas
--

--
-- Indices de la tabla `aux_countries`
--
ALTER TABLE `aux_countries`
  ADD PRIMARY KEY (`id`),
  ADD KEY `cc` (`country_code`);

--
-- Indices de la tabla `aux_rol`
--
ALTER TABLE `aux_rol`
  ADD PRIMARY KEY (`id_rol`);

--
-- Indices de la tabla `aux_rol_trabajador`
--
ALTER TABLE `aux_rol_trabajador`
  ADD PRIMARY KEY (`id_rol`);

--
-- Indices de la tabla `categoria`
--
ALTER TABLE `categoria`
  ADD PRIMARY KEY (`id_categoria`),
  ADD KEY `FK_PADRE_CATEGORIA` (`id_padre`);

--
-- Indices de la tabla `log`
--
ALTER TABLE `log`
  ADD PRIMARY KEY (`id_log`,`operacion`,`tabla`);

--
-- Indices de la tabla `producto`
--
ALTER TABLE `producto`
  ADD PRIMARY KEY (`id_producto`),
  ADD UNIQUE KEY `producto_unique` (`codigo`),
  ADD KEY `FK_proveedor` (`proveedor`),
  ADD KEY `FK_categoria` (`id_categoria`);

--
-- Indices de la tabla `proveedor`
--
ALTER TABLE `proveedor`
  ADD PRIMARY KEY (`cif`),
  ADD KEY `proveedor_aux_countries_FK` (`id_country`);

--
-- Indices de la tabla `trabajadores`
--
ALTER TABLE `trabajadores`
  ADD PRIMARY KEY (`username`),
  ADD KEY `usuario_FK` (`id_rol`);

--
-- Indices de la tabla `usuario_sistema`
--
ALTER TABLE `usuario_sistema`
  ADD PRIMARY KEY (`id_usuario`),
  ADD UNIQUE KEY `email` (`email`),
  ADD KEY `FK_usuario_rol` (`id_rol`);

--
-- AUTO_INCREMENT de las tablas volcadas
--

--
-- AUTO_INCREMENT de la tabla `aux_countries`
--
ALTER TABLE `aux_countries`
  MODIFY `id` int UNSIGNED NOT NULL AUTO_INCREMENT, AUTO_INCREMENT=247;

--
-- AUTO_INCREMENT de la tabla `aux_rol`
--
ALTER TABLE `aux_rol`
  MODIFY `id_rol` int NOT NULL AUTO_INCREMENT, AUTO_INCREMENT=4;

--
-- AUTO_INCREMENT de la tabla `aux_rol_trabajador`
--
ALTER TABLE `aux_rol_trabajador`
  MODIFY `id_rol` int NOT NULL AUTO_INCREMENT, AUTO_INCREMENT=7;

--
-- AUTO_INCREMENT de la tabla `categoria`
--
ALTER TABLE `categoria`
  MODIFY `id_categoria` int NOT NULL AUTO_INCREMENT, AUTO_INCREMENT=61;

--
-- AUTO_INCREMENT de la tabla `log`
--
ALTER TABLE `log`
  MODIFY `id_log` int NOT NULL AUTO_INCREMENT, AUTO_INCREMENT=4;

--
-- AUTO_INCREMENT de la tabla `producto`
--
ALTER TABLE `producto`
  MODIFY `id_producto` int UNSIGNED NOT NULL AUTO_INCREMENT, AUTO_INCREMENT=1024;

--
-- AUTO_INCREMENT de la tabla `usuario_sistema`
--
ALTER TABLE `usuario_sistema`
  MODIFY `id_usuario` int NOT NULL AUTO_INCREMENT, AUTO_INCREMENT=95;

--
-- Restricciones para tablas volcadas
--

--
-- Filtros para la tabla `categoria`
--
ALTER TABLE `categoria`
  ADD CONSTRAINT `FK_PADRE_CATEGORIA` FOREIGN KEY (`id_padre`) REFERENCES `categoria` (`id_categoria`) ON UPDATE CASCADE;

--
-- Filtros para la tabla `producto`
--
ALTER TABLE `producto`
  ADD CONSTRAINT `FK_categoria` FOREIGN KEY (`id_categoria`) REFERENCES `categoria` (`id_categoria`),
  ADD CONSTRAINT `FK_proveedor` FOREIGN KEY (`proveedor`) REFERENCES `proveedor` (`cif`);

--
-- Filtros para la tabla `proveedor`
--
ALTER TABLE `proveedor`
  ADD CONSTRAINT `proveedor_aux_countries_FK` FOREIGN KEY (`id_country`) REFERENCES `aux_countries` (`id`) ON DELETE RESTRICT ON UPDATE CASCADE;

--
-- Filtros para la tabla `trabajadores`
--
ALTER TABLE `trabajadores`
  ADD CONSTRAINT `usuario_FK` FOREIGN KEY (`id_rol`) REFERENCES `aux_rol_trabajador` (`id_rol`) ON UPDATE CASCADE;

--
-- Filtros para la tabla `usuario_sistema`
--
ALTER TABLE `usuario_sistema`
  ADD CONSTRAINT `FK_usuario_rol` FOREIGN KEY (`id_rol`) REFERENCES `aux_rol` (`id_rol`) ON UPDATE CASCADE;
COMMIT;

/*!40101 SET CHARACTER_SET_CLIENT=@OLD_CHARACTER_SET_CLIENT */;
/*!40101 SET CHARACTER_SET_RESULTS=@OLD_CHARACTER_SET_RESULTS */;
/*!40101 SET COLLATION_CONNECTION=@OLD_COLLATION_CONNECTION */;
